episode,reward,completion_rate,collisions,steps,epsilon
0.0,-11.400000000000013,0.0,0.0,100.0,0.995
1.0,-11.68000000000001,0.0,0.0,100.0,0.990025
2.0,-10.080000000000009,0.0,0.0,100.0,0.985074875
3.0,-9.239999999999998,0.0,0.0,100.0,0.9801495006250001
4.0,-13.680000000000017,0.0,1.0,100.0,0.9752487531218751
5.0,-9.440000000000001,0.0,0.0,100.0,0.9703725093562657
6.0,-14.440000000000014,0.0,2.0,100.0,0.9655206468094844
7.0,-10.440000000000003,0.0,0.0,100.0,0.960693043575437
8.0,-10.560000000000016,0.0,0.0,100.0,0.9558895783575597
9.0,-12.240000000000009,0.0,0.0,100.0,0.9511101304657719
10.0,-16.680000000000014,0.0,3.0,100.0,0.946354579813443
11.0,-9.480000000000008,0.0,0.0,100.0,0.9416228069143757
12.0,-12.440000000000015,0.0,0.0,100.0,0.9369146928798039
13.0,-9.760000000000007,0.0,0.0,100.0,0.9322301194154049
14.0,-9.160000000000005,0.0,0.0,100.0,0.9275689688183278
15.0,-10.480000000000006,0.0,0.0,100.0,0.9229311239742362
16.0,-8.63999999999999,0.0,0.0,100.0,0.918316468354365
17.0,-10.32000000000001,0.0,0.0,100.0,0.9137248860125932
18.0,-8.319999999999993,0.0,0.0,100.0,0.9091562615825302
19.0,-7.719999999999992,0.0,0.0,100.0,0.9046104802746175
20.0,-11.08,0.0,0.0,100.0,0.9000874278732445
21.0,-12.560000000000008,0.0,0.0,100.0,0.8955869907338783
22.0,-10.640000000000006,0.0,0.0,100.0,0.8911090557802088
23.0,-7.119999999999993,0.0,0.0,100.0,0.8866535105013078
24.0,-9.680000000000001,0.0,3.0,100.0,0.8822202429488013
25.0,-11.840000000000009,0.0,0.0,100.0,0.8778091417340573
26.0,-11.360000000000012,0.0,0.0,100.0,0.8734200960253871
27.0,-10.600000000000014,0.0,0.0,100.0,0.8690529955452602
28.0,-9.120000000000003,0.0,0.0,100.0,0.8647077305675338
29.0,-11.72000000000001,0.0,1.0,100.0,0.8603841919146962
30.0,-11.880000000000022,0.0,2.0,100.0,0.8560822709551227
31.0,-9.079999999999998,0.0,0.0,100.0,0.851801859600347
32.0,-9.119999999999992,0.0,0.0,100.0,0.8475428503023453
33.0,-16.000000000000014,0.0,6.0,100.0,0.8433051360508336
34.0,-10.160000000000007,0.0,1.0,100.0,0.8390886103705794
35.0,-8.759999999999996,0.0,0.0,100.0,0.8348931673187264
36.0,-8.399999999999999,0.0,0.0,100.0,0.8307187014821328
37.0,-6.87999999999999,0.0,0.0,100.0,0.8265651079747222
38.0,0.2400000000000022,0.5,0.0,100.0,0.8224322824348486
39.0,2.2000000000000046,0.5,0.0,100.0,0.8183201210226743
40.0,-5.599999999999995,0.0,0.0,100.0,0.8142285204175609
41.0,-9.4,0.0,0.0,100.0,0.810157377815473
42.0,-11.040000000000019,0.0,1.0,100.0,0.8061065909263957
43.0,-13.640000000000022,0.0,1.0,100.0,0.8020760579717637
44.0,-9.760000000000014,0.0,0.0,100.0,0.798065677681905
45.0,-8.03999999999999,0.0,0.0,100.0,0.7940753492934954
46.0,-6.839999999999994,0.0,1.0,100.0,0.7901049725470279
47.0,-13.560000000000024,0.0,3.0,100.0,0.7861544476842928
48.0,-9.440000000000008,0.0,1.0,100.0,0.7822236754458713
49.0,-5.799999999999996,0.0,0.0,100.0,0.778312557068642
50.0,-9.680000000000007,0.0,1.0,100.0,0.7744209942832988
51.0,-7.999999999999994,0.0,0.0,100.0,0.7705488893118823
52.0,-12.920000000000021,0.0,2.0,100.0,0.7666961448653229
53.0,-12.680000000000012,0.0,4.0,100.0,0.7628626641409962
54.0,-7.319999999999992,0.0,0.0,100.0,0.7590483508202912
55.0,-8.599999999999996,0.0,0.0,100.0,0.7552531090661897
56.0,-6.47999999999999,0.0,0.0,100.0,0.7514768435208588
57.0,0.9600000000000034,0.5,1.0,100.0,0.7477194593032545
58.0,-8.279999999999989,0.0,1.0,100.0,0.7439808620067382
59.0,-11.72,0.0,3.0,100.0,0.7402609576967045
60.0,-5.999999999999995,0.0,0.0,100.0,0.736559652908221
61.0,-7.680000000000001,0.0,0.0,100.0,0.7328768546436799
62.0,-6.279999999999992,0.0,0.0,100.0,0.7292124703704616
63.0,-6.999999999999995,0.0,1.0,100.0,0.7255664080186093
64.0,-9.48,0.0,2.0,100.0,0.7219385759785162
65.0,-6.279999999999988,0.0,2.0,100.0,0.7183288830986236
66.0,-7.799999999999993,0.0,1.0,100.0,0.7147372386831305
67.0,4.640000000000007,0.5,0.0,100.0,0.7111635524897149
68.0,-4.56,0.0,0.0,100.0,0.7076077347272662
69.0,-11.800000000000008,0.0,3.0,100.0,0.7040696960536299
70.0,-6.479999999999996,0.0,0.0,100.0,0.7005493475733617
71.0,-9.040000000000003,0.0,3.0,100.0,0.697046600835495
72.0,-5.759999999999997,0.0,0.0,100.0,0.6935613678313175
73.0,3.880000000000007,0.5,0.0,100.0,0.6900935609921609
74.0,-14.760000000000009,0.0,5.0,100.0,0.6866430931872001
75.0,-7.279999999999996,0.0,0.0,100.0,0.6832098777212641
76.0,-8.640000000000006,0.0,4.0,100.0,0.6797938283326578
77.0,2.6800000000000046,0.5,0.0,100.0,0.6763948591909945
78.0,-6.759999999999998,0.0,0.0,100.0,0.6730128848950395
79.0,-10.440000000000003,0.0,1.0,100.0,0.6696478204705644
80.0,-4.599999999999999,0.0,0.0,100.0,0.6662995813682115
81.0,-5.879999999999994,0.0,0.0,100.0,0.6629680834613705
82.0,-10.40000000000001,0.0,1.0,100.0,0.6596532430440636
83.0,-7.519999999999994,0.0,1.0,100.0,0.6563549768288433
84.0,4.800000000000004,0.5,0.0,100.0,0.653073201944699
85.0,-9.359999999999998,0.0,0.0,100.0,0.6498078359349755
86.0,4.960000000000004,0.5,0.0,100.0,0.6465587967553006
87.0,-7.919999999999988,0.0,0.0,100.0,0.6433260027715241
88.0,1.400000000000006,0.5,1.0,100.0,0.6401093727576664
89.0,-15.64000000000002,0.0,5.0,100.0,0.6369088258938781
90.0,-1.0799999999999985,0.5,3.0,100.0,0.6337242817644086
91.0,-5.0799999999999965,0.0,1.0,100.0,0.6305556603555866
92.0,-10.120000000000015,0.0,1.0,100.0,0.6274028820538087
93.0,-12.720000000000015,0.0,3.0,100.0,0.6242658676435396
94.0,-4.239999999999999,0.0,0.0,100.0,0.6211445383053219
95.0,3.8000000000000025,0.5,0.0,100.0,0.6180388156137953
96.0,3.320000000000002,0.5,0.0,100.0,0.6149486215357263
97.0,-15.920000000000034,0.0,7.0,100.0,0.6118738784280476
98.0,3.1600000000000046,0.5,0.0,100.0,0.6088145090359074
99.0,3.320000000000004,0.5,0.0,100.0,0.6057704364907278
100.0,-3.439999999999999,0.0,0.0,100.0,0.6027415843082742
101.0,1.9599999999999995,0.5,0.0,100.0,0.5997278763867329
102.0,-5.6799999999999935,0.0,0.0,100.0,0.5967292370047992
103.0,5.759999999999999,0.5,0.0,100.0,0.5937455908197752
104.0,-3.1199999999999997,0.0,0.0,100.0,0.5907768628656763
105.0,-6.199999999999995,0.0,1.0,100.0,0.5878229785513479
106.0,-8.279999999999996,0.0,0.0,100.0,0.5848838636585911
107.0,-5.999999999999998,0.0,0.0,100.0,0.5819594443402982
108.0,-10.280000000000006,0.0,2.0,100.0,0.5790496471185967
109.0,-6.159999999999996,0.0,1.0,100.0,0.5761543988830038
110.0,-8.279999999999994,0.0,2.0,100.0,0.5732736268885887
111.0,-5.799999999999998,0.0,0.0,100.0,0.5704072587541458
112.0,6.120000000000006,0.5,0.0,100.0,0.567555222460375
113.0,-8.719999999999999,0.0,1.0,100.0,0.5647174463480732
114.0,-10.12000000000001,0.0,3.0,100.0,0.5618938591163328
115.0,3.079999999999997,0.5,0.0,100.0,0.5590843898207511
116.0,-7.359999999999992,0.0,1.0,100.0,0.5562889678716474
117.0,5.320000000000002,0.5,0.0,100.0,0.5535075230322891
118.0,-4.199999999999998,0.0,0.0,100.0,0.5507399854171277
119.0,-5.559999999999999,0.0,0.0,100.0,0.547986285490042
120.0,3.4799999999999915,0.5,0.0,100.0,0.5452463540625918
121.0,-6.199999999999996,0.0,0.0,100.0,0.5425201222922789
122.0,3.799999999999984,0.5,0.0,100.0,0.5398075216808175
123.0,2.7200000000000055,0.5,2.0,100.0,0.5371084840724134
124.0,4.2,0.5,0.0,100.0,0.5344229416520513
125.0,-9.44,0.0,1.0,100.0,0.531750826943791
126.0,4.080000000000006,0.5,0.0,100.0,0.5290920728090721
127.0,-9.080000000000013,0.0,2.0,100.0,0.5264466124450268
128.0,-6.839999999999993,0.0,0.0,100.0,0.5238143793828016
129.0,6.199999999999999,0.5,0.0,100.0,0.5211953074858876
130.0,-15.400000000000023,0.0,9.0,100.0,0.5185893309484582
131.0,-5.399999999999995,0.0,0.0,100.0,0.5159963842937159
132.0,5.960000000000003,0.5,0.0,100.0,0.5134164023722473
133.0,2.0399999999999943,0.5,2.0,100.0,0.510849320360386
134.0,4.800000000000005,0.5,1.0,100.0,0.5082950737585841
135.0,-7.359999999999991,0.0,2.0,100.0,0.5057535983897912
136.0,0.1199999999999855,0.5,0.0,100.0,0.5032248303978422
137.0,0.6399999999999959,0.5,0.0,100.0,0.500708706245853
138.0,-8.439999999999992,0.0,2.0,100.0,0.4982051627146237
139.0,5.32000000000001,0.5,0.0,100.0,0.49571413690105054
140.0,5.399999999999996,0.5,0.0,100.0,0.4932355662165453
141.0,-4.799999999999998,0.0,0.0,100.0,0.4907693883854626
142.0,-6.079999999999992,0.0,0.0,100.0,0.4883155414435353
143.0,3.2799999999999825,0.5,0.0,100.0,0.4858739637363176
144.0,-7.3199999999999905,0.0,0.0,100.0,0.483444593917636
145.0,-5.719999999999992,0.0,1.0,100.0,0.4810273709480478
146.0,6.399999999999995,0.5,0.0,100.0,0.47862223409330756
147.0,-4.52,0.0,0.0,100.0,0.47622912292284103
148.0,4.839999999999992,0.5,0.0,100.0,0.4738479773082268
149.0,-5.719999999999996,0.0,2.0,100.0,0.47147873742168567
150.0,-5.479999999999994,0.0,1.0,100.0,0.46912134373457726
151.0,4.200000000000001,0.5,1.0,100.0,0.46677573701590436
152.0,3.5200000000000062,0.5,1.0,100.0,0.46444185833082485
153.0,-9.440000000000015,0.0,2.0,100.0,0.46211964903917074
154.0,-7.719999999999992,0.0,0.0,100.0,0.4598090507939749
155.0,5.279999999999982,0.5,0.0,100.0,0.457510005540005
156.0,1.1199999999999912,0.5,0.0,100.0,0.45522245551230495
157.0,1.6799999999999886,0.5,3.0,100.0,0.4529463432347434
158.0,-3.880000000000001,0.0,1.0,100.0,0.4506816115185697
159.0,-9.080000000000004,0.0,2.0,100.0,0.4484282034609769
160.0,3.3200000000000025,0.5,0.0,100.0,0.446186062443672
161.0,-4.199999999999999,0.0,0.0,100.0,0.4439551321314536
162.0,-8.03999999999999,0.0,2.0,100.0,0.4417353564707963
163.0,-5.839999999999997,0.0,0.0,100.0,0.43952667968844233
164.0,3.5599999999999943,0.5,0.0,100.0,0.43732904629000013
165.0,-7.759999999999991,0.0,2.0,100.0,0.4351424010585501
166.0,4.51999999999998,0.5,0.0,100.0,0.43296668905325736
167.0,2.1599999999999855,0.5,0.0,100.0,0.43080185560799106
168.0,-8.239999999999998,0.0,2.0,100.0,0.4286478463299511
169.0,2.239999999999993,0.5,0.0,100.0,0.42650460709830135
170.0,5.319999999999983,0.5,0.0,100.0,0.42437208406280985
171.0,6.320000000000003,0.5,0.0,100.0,0.4222502236424958
172.0,3.3199999999999785,0.5,3.0,100.0,0.42013897252428334
173.0,3.9199999999999964,0.5,0.0,100.0,0.4180382776616619
174.0,-11.400000000000002,0.0,3.0,100.0,0.4159480862733536
175.0,6.36,0.5,0.0,100.0,0.41386834584198684
176.0,3.9600000000000044,0.5,2.0,100.0,0.4117990041127769
177.0,7.759999999999969,0.5,0.0,100.0,0.40974000909221303
178.0,-5.1599999999999975,0.0,0.0,100.0,0.40769130904675194
179.0,3.67999999999999,0.5,0.0,100.0,0.40565285250151817
180.0,4.160000000000002,0.5,0.0,100.0,0.4036245882390106
181.0,-7.399999999999993,0.0,0.0,100.0,0.4016064652978155
182.0,-6.919999999999988,0.0,0.0,100.0,0.3995984329713264
183.0,5.079999999999984,0.5,0.0,100.0,0.3976004408064698
184.0,5.399999999999986,0.5,0.0,100.0,0.39561243860243744
185.0,4.280000000000006,0.5,1.0,100.0,0.3936343764094253
186.0,-0.8800000000000014,0.5,3.0,100.0,0.39166620452737816
187.0,6.960000000000004,0.5,0.0,100.0,0.3897078735047413
188.0,4.440000000000007,0.5,1.0,100.0,0.3877593341372176
189.0,-0.9600000000000253,0.5,4.0,100.0,0.3858205374665315
190.0,4.119999999999981,0.5,0.0,100.0,0.38389143477919885
191.0,2.2799999999999874,0.5,0.0,100.0,0.3819719776053028
192.0,1.2399999999999793,0.5,0.0,100.0,0.3800621177172763
193.0,-7.639999999999998,0.0,3.0,100.0,0.37816180712868996
194.0,5.719999999999981,0.5,1.0,100.0,0.37627099809304654
195.0,-7.519999999999994,0.0,0.0,100.0,0.3743896431025813
196.0,3.3599999999999888,0.5,0.0,100.0,0.37251769488706843
197.0,3.6000000000000063,0.5,1.0,100.0,0.3706551064126331
198.0,1.239999999999985,0.5,1.0,100.0,0.36880183088056995
199.0,-4.639999999999997,0.0,0.0,100.0,0.3669578217261671
200.0,2.92,0.5,1.0,100.0,0.36512303261753626
201.0,0.799999999999989,0.5,5.0,100.0,0.3632974174544486
202.0,5.840000000000001,0.5,0.0,100.0,0.3614809303671764
203.0,0.6399999999999932,0.5,4.0,100.0,0.3596735257153405
204.0,5.4399999999999995,0.5,1.0,100.0,0.3578751580867638
205.0,-6.959999999999995,0.0,1.0,100.0,0.35608578229633
206.0,5.679999999999969,0.5,0.0,100.0,0.3543053533848483
207.0,-10.080000000000009,0.0,1.0,100.0,0.35253382661792404
208.0,4.4799999999999836,0.5,0.0,100.0,0.3507711574848344
209.0,6.119999999999986,0.5,0.0,100.0,0.34901730169741024
210.0,3.519999999999989,0.5,0.0,100.0,0.3472722151889232
211.0,4.360000000000009,0.5,0.0,100.0,0.3455358541129786
212.0,5.4799999999999836,0.5,0.0,100.0,0.3438081748424137
213.0,5.759999999999969,0.5,2.0,100.0,0.3420891339682016
214.0,3.8800000000000123,0.5,2.0,100.0,0.3403786882983606
215.0,-9.240000000000004,0.0,1.0,100.0,0.3386767948568688
216.0,34.219999999999985,1.0,0.0,94.0,0.33698341088258443
217.0,2.0399999999999796,0.5,2.0,100.0,0.3352984938281715
218.0,-9.479999999999993,0.0,3.0,100.0,0.33362200135903064
219.0,5.63999999999996,0.5,1.0,100.0,0.33195389135223546
220.0,-5.1599999999999975,0.0,0.0,100.0,0.3302941218954743
221.0,1.0399999999999823,0.5,1.0,100.0,0.32864265128599696
222.0,3.519999999999981,0.5,0.0,100.0,0.326999438029567
223.0,3.799999999999992,0.5,1.0,100.0,0.3253644408394192
224.0,4.719999999999978,0.5,0.0,100.0,0.3237376186352221
225.0,3.9999999999999813,0.5,0.0,100.0,0.322118930542046
226.0,2.759999999999986,0.5,1.0,100.0,0.32050833588933575
227.0,1.3599999999999792,0.5,2.0,100.0,0.31890579420988907
228.0,6.639999999999996,0.5,1.0,100.0,0.3173112652388396
229.0,-8.159999999999995,0.0,2.0,100.0,0.3157247089126454
230.0,7.479999999999968,0.5,0.0,100.0,0.3141460853680822
231.0,30.08999999999998,1.0,4.0,91.0,0.3125753549412418
232.0,3.3199999999999803,0.5,0.0,100.0,0.31101247816653554
233.0,-12.120000000000012,0.0,7.0,100.0,0.30945741577570285
234.0,-5.079999999999997,0.0,2.0,100.0,0.3079101286968243
235.0,35.11999999999998,1.0,1.0,84.0,0.3063705780533402
236.0,4.959999999999957,0.5,1.0,100.0,0.30483872516307353
237.0,4.240000000000001,0.5,2.0,100.0,0.3033145315372582
238.0,-3.400000000000003,0.5,5.0,100.0,0.3017979588795719
239.0,3.359999999999981,0.5,0.0,100.0,0.30028896908517405
240.0,40.249999999999986,1.0,0.0,43.0,0.2987875242397482
241.0,4.799999999999965,0.5,0.0,100.0,0.29729358661854943
242.0,37.92999999999996,1.0,0.0,79.0,0.29580711868545667
243.0,-7.199999999999992,0.0,0.0,100.0,0.2943280830920294
244.0,37.74999999999997,1.0,0.0,77.0,0.29285644267656924
245.0,6.039999999999967,0.5,0.0,100.0,0.2913921604631864
246.0,37.31999999999999,1.0,0.0,100.0,0.28993519966087045
247.0,-7.15999999999999,0.0,1.0,100.0,0.2884855236625661
248.0,37.08999999999996,1.0,0.0,83.0,0.28704309604425327
249.0,-4.080000000000025,0.5,7.0,100.0,0.285607880564032
250.0,5.119999999999966,0.5,2.0,100.0,0.28417984116121187
251.0,34.6,1.0,2.0,100.0,0.2827589419554058
252.0,37.029999999999966,1.0,1.0,93.0,0.28134514724562876
253.0,3.400000000000004,0.5,2.0,100.0,0.2799384215094006
254.0,1.1599999999999746,0.5,3.0,100.0,0.27853872940185365
255.0,6.039999999999982,0.5,0.0,100.0,0.27714603575484437
256.0,2.559999999999975,0.5,0.0,100.0,0.2757603055760701
257.0,-7.67999999999999,0.0,1.0,100.0,0.2743815040481898
258.0,40.95999999999999,1.0,0.0,40.0,0.2730095965279488
259.0,-5.119999999999997,0.0,0.0,100.0,0.27164454854530906
260.0,2.9599999999999893,0.5,1.0,100.0,0.2702863258025825
261.0,5.079999999999967,0.5,0.0,100.0,0.2689348941735696
262.0,1.7199999999999893,0.5,2.0,100.0,0.26759021970270175
263.0,3.4799999999999796,0.5,2.0,100.0,0.2662522686041882
264.0,-9.079999999999998,0.0,3.0,100.0,0.2649210072611673
265.0,6.959999999999994,0.5,0.0,100.0,0.26359640222486147
266.0,37.849999999999994,1.0,1.0,75.0,0.26227842021373715
267.0,5.599999999999988,0.5,1.0,100.0,0.2609670281126685
268.0,39.66999999999998,1.0,0.0,53.0,0.25966219297210513
269.0,4.4800000000000075,0.5,1.0,100.0,0.2583638820072446
270.0,3.7999999999999794,0.5,0.0,100.0,0.2570720625972084
271.0,6.239999999999964,0.5,0.0,100.0,0.25578670228422234
272.0,-1.7200000000000004,0.0,0.0,100.0,0.25450776877280124
273.0,35.99999999999997,1.0,0.0,100.0,0.2532352299289372
274.0,33.119999999999976,1.0,0.0,100.0,0.2519690537792925
275.0,2.7199999999999673,0.5,4.0,100.0,0.2507092085103961
276.0,0.7599999999999758,0.5,1.0,100.0,0.2494556624678441
277.0,32.73999999999998,1.0,1.0,90.0,0.24820838415550486
278.0,38.359999999999985,1.0,0.0,48.0,0.24696734223472733
279.0,6.199999999999995,0.5,0.0,100.0,0.2457325055235537
280.0,2.199999999999976,0.5,1.0,100.0,0.24450384299593592
281.0,36.53999999999998,1.0,0.0,70.0,0.24328132378095624
282.0,4.639999999999995,0.5,1.0,100.0,0.24206491716205145
283.0,-5.359999999999995,0.0,0.0,100.0,0.2408545925762412
284.0,6.360000000000007,0.5,0.0,100.0,0.23965031961336
285.0,-8.079999999999997,0.0,2.0,100.0,0.2384520680152932
286.0,4.40000000000001,0.5,0.0,100.0,0.23725980767521673
287.0,5.879999999999969,0.5,0.0,100.0,0.23607350863684065
288.0,-5.119999999999999,0.0,2.0,100.0,0.23489314109365644
289.0,31.90999999999997,1.0,2.0,97.0,0.23371867538818816
290.0,-5.7199999999999935,0.0,0.0,100.0,0.23255008201124722
291.0,6.079999999999966,0.5,0.0,100.0,0.231387331601191
292.0,-7.079999999999992,0.0,0.0,100.0,0.23023039494318503
293.0,2.479999999999972,0.5,2.0,100.0,0.2290792429684691
294.0,3.8400000000000034,0.5,1.0,100.0,0.22793384675362674
295.0,8.199999999999944,0.5,0.0,100.0,0.22679417751985861
296.0,4.920000000000003,0.5,1.0,100.0,0.22566020663225933
297.0,2.8400000000000047,0.5,5.0,100.0,0.22453190559909803
298.0,2.3599999999999777,0.5,1.0,100.0,0.22340924607110255
299.0,4.119999999999971,0.5,0.0,100.0,0.22229219984074702
300.0,2.039999999999988,0.5,3.0,100.0,0.2211807388415433
301.0,7.559999999999962,0.5,0.0,100.0,0.22007483514733558
302.0,40.959999999999994,1.0,0.0,52.0,0.2189744609715989
303.0,2.1199999999999863,0.5,0.0,100.0,0.2178795886667409
304.0,3.3199999999999763,0.5,1.0,100.0,0.2167901907234072
305.0,1.9999999999999851,0.5,0.0,100.0,0.21570623976979014
306.0,37.29999999999998,1.0,0.0,82.0,0.21462770857094118
307.0,37.26999999999995,1.0,0.0,93.0,0.21355457002808648
308.0,4.399999999999984,0.5,1.0,100.0,0.21248679717794605
309.0,35.94,1.0,4.0,50.0,0.21142436319205632
310.0,3.7199999999999753,0.5,0.0,100.0,0.21036724137609603
311.0,5.4399999999999595,0.5,2.0,100.0,0.20931540516921554
312.0,5.75999999999996,0.5,0.0,100.0,0.20826882814336947
313.0,4.239999999999972,0.5,1.0,100.0,0.20722748400265262
314.0,4.999999999999985,0.5,2.0,100.0,0.20619134658263935
315.0,5.679999999999974,0.5,0.0,100.0,0.20516038984972615
316.0,4.399999999999963,0.5,0.0,100.0,0.2041345879004775
317.0,6.4399999999999995,0.5,0.0,100.0,0.2031139149609751
318.0,6.679999999999983,0.5,0.0,100.0,0.20209834538617025
319.0,36.139999999999986,1.0,2.0,78.0,0.2010878536592394
320.0,4.079999999999972,0.5,3.0,100.0,0.2000824143909432
321.0,42.14999999999999,1.0,0.0,33.0,0.19908200231898848
322.0,39.01999999999997,1.0,0.0,70.0,0.19808659230739353
323.0,7.600000000000001,0.5,1.0,100.0,0.19709615934585656
324.0,7.879999999999988,0.5,1.0,100.0,0.19611067854912728
325.0,39.24999999999997,1.0,0.0,59.0,0.19513012515638165
326.0,7.9199999999999475,0.5,0.0,100.0,0.19415447453059972
327.0,6.879999999999968,0.5,0.0,100.0,0.19318370215794672
328.0,37.639999999999965,1.0,1.0,72.0,0.192217783647157
329.0,5.679999999999966,0.5,0.0,100.0,0.1912566947289212
330.0,-7.11999999999999,0.0,1.0,100.0,0.1903004112552766
331.0,36.94,1.0,0.0,90.0,0.18934890919900021
332.0,40.469999999999985,1.0,0.0,69.0,0.18840216465300522
333.0,2.8799999999999804,0.5,0.0,100.0,0.18746015382974018
334.0,7.799999999999989,0.5,0.0,100.0,0.1865228530605915
335.0,5.1200000000000125,0.5,4.0,100.0,0.18559023879528855
336.0,40.57999999999999,1.0,0.0,42.0,0.1846622876013121
337.0,2.5199999999999902,0.5,0.0,100.0,0.18373897616330553
338.0,6.119999999999961,0.5,0.0,100.0,0.182820281282489
339.0,3.7999999999999843,0.5,1.0,100.0,0.18190617987607657
340.0,39.55999999999999,1.0,0.0,80.0,0.18099664897669618
341.0,40.17999999999998,1.0,0.0,62.0,0.1800916657318127
342.0,5.719999999999981,0.5,0.0,100.0,0.17919120740315364
343.0,36.13999999999998,1.0,1.0,58.0,0.17829525136613786
344.0,5.839999999999974,0.5,2.0,100.0,0.17740377510930716
345.0,1.2400000000000007,0.5,2.0,100.0,0.17651675623376062
346.0,40.65999999999997,1.0,0.0,50.0,0.1756341724525918
347.0,40.48999999999998,1.0,1.0,51.0,0.17475600159032884
348.0,7.119999999999961,0.5,0.0,100.0,0.17388222158237718
349.0,4.000000000000003,0.5,3.0,100.0,0.1730128104744653
350.0,38.29999999999996,1.0,0.0,70.0,0.17214774642209296
351.0,38.359999999999964,1.0,0.0,68.0,0.1712870076899825
352.0,4.0399999999999725,0.5,2.0,100.0,0.17043057265153258
353.0,1.559999999999992,0.5,5.0,100.0,0.16957841978827493
354.0,37.659999999999954,1.0,0.0,90.0,0.16873052768933355
355.0,39.34999999999997,1.0,0.0,57.0,0.1678868750508869
356.0,40.77999999999997,1.0,0.0,50.0,0.16704744067563246
357.0,5.479999999999974,0.5,0.0,100.0,0.1662122034722543
358.0,6.199999999999967,0.5,0.0,100.0,0.16538114245489302
359.0,-8.159999999999997,0.0,2.0,100.0,0.16455423674261854
360.0,5.279999999999965,0.5,0.0,100.0,0.16373146555890544
361.0,0.6399999999999927,0.5,0.0,100.0,0.16291280823111093
362.0,3.2799999999999967,0.5,4.0,100.0,0.16209824418995536
363.0,38.279999999999966,1.0,0.0,76.0,0.16128775296900558
364.0,37.22999999999997,1.0,0.0,73.0,0.16048131420416054
365.0,6.319999999999966,0.5,1.0,100.0,0.15967890763313974
366.0,7.479999999999961,0.5,0.0,100.0,0.15888051309497406
367.0,37.82999999999996,1.0,0.0,77.0,0.1580861105294992
368.0,6.199999999999959,0.5,0.0,100.0,0.1572956799768517
369.0,6.239999999999963,0.5,0.0,100.0,0.15650920157696743
370.0,36.339999999999975,1.0,0.0,98.0,0.1557266555690826
371.0,1.84,0.5,5.0,100.0,0.1549480222912372
372.0,4.4799999999999605,0.5,2.0,100.0,0.15417328217978102
373.0,2.3599999999999683,0.5,2.0,100.0,0.1534024157688821
374.0,8.199999999999948,0.5,0.0,100.0,0.1526354036900377
375.0,40.01999999999999,1.0,0.0,58.0,0.1518722266715875
376.0,41.92999999999999,1.0,0.0,43.0,0.15111286553822956
377.0,41.54999999999999,1.0,0.0,41.0,0.15035730121053842
378.0,39.60999999999998,1.0,0.0,63.0,0.14960551470448571
379.0,37.62999999999999,1.0,0.0,85.0,0.14885748713096328
380.0,-3.040000000000008,0.5,4.0,100.0,0.14811319969530845
381.0,3.5599999999999867,0.5,2.0,100.0,0.1473726336968319
382.0,39.75999999999997,1.0,0.0,80.0,0.14663577052834775
383.0,39.01999999999997,1.0,0.0,78.0,0.14590259167570602
384.0,7.399999999999991,0.5,0.0,100.0,0.1451730787173275
385.0,36.15999999999997,1.0,0.0,88.0,0.14444721332374086
386.0,6.039999999999974,0.5,0.0,100.0,0.14372497725712216
387.0,40.82999999999997,1.0,0.0,53.0,0.14300635237083656
388.0,38.25999999999998,1.0,0.0,94.0,0.14229132060898236
389.0,6.1999999999999575,0.5,0.0,100.0,0.14157986400593744
390.0,5.439999999999976,0.5,0.0,100.0,0.14087196468590776
391.0,5.159999999999972,0.5,1.0,100.0,0.14016760486247823
392.0,6.03999999999999,0.5,0.0,100.0,0.13946676683816583
393.0,4.119999999999968,0.5,0.0,100.0,0.138769433003975
394.0,37.67999999999997,1.0,1.0,84.0,0.13807558583895513
395.0,40.57999999999997,1.0,0.0,58.0,0.13738520790976036
396.0,36.669999999999966,1.0,0.0,85.0,0.13669828187021155
397.0,36.999999999999964,1.0,2.0,100.0,0.13601479046086049
398.0,37.319999999999965,1.0,0.0,76.0,0.1353347165085562
399.0,4.839999999999966,0.5,0.0,100.0,0.1346580429260134
400.0,7.960000000000002,0.5,0.0,100.0,0.13398475271138335
401.0,7.03999999999997,0.5,0.0,100.0,0.13331482894782642
402.0,3.68,0.5,2.0,100.0,0.13264825480308728
403.0,8.519999999999968,0.5,0.0,100.0,0.13198501352907185
404.0,39.209999999999965,1.0,1.0,99.0,0.1313250884614265
405.0,6.679999999999964,0.5,0.0,100.0,0.13066846301911936
406.0,43.29,1.0,0.0,35.0,0.13001512070402377
407.0,6.599999999999956,0.5,0.0,100.0,0.12936504510050365
408.0,5.919999999999962,0.5,0.0,100.0,0.12871821987500112
409.0,38.30999999999998,1.0,0.0,73.0,0.12807462877562611
410.0,35.989999999999974,1.0,3.0,77.0,0.12743425563174798
411.0,41.69,1.0,0.0,31.0,0.12679708435358925
412.0,4.879999999999982,0.5,4.0,100.0,0.1261630989318213
413.0,40.209999999999965,1.0,0.0,75.0,0.1255322834371622
414.0,6.7599999999999705,0.5,0.0,100.0,0.12490462201997637
415.0,4.839999999999967,0.5,0.0,100.0,0.1242800989098765
416.0,6.079999999999987,0.5,1.0,100.0,0.12365869841532712
417.0,36.75999999999998,1.0,2.0,72.0,0.12304040492325048
418.0,38.699999999999974,1.0,3.0,78.0,0.12242520289863423
419.0,6.399999999999962,0.5,0.0,100.0,0.12181307688414106
420.0,4.999999999999996,0.5,3.0,100.0,0.12120401149972035
421.0,39.54999999999996,1.0,0.0,69.0,0.12059799144222175
422.0,5.079999999999971,0.5,0.0,100.0,0.11999500148501063
423.0,36.07000000000001,1.0,0.0,89.0,0.11939502647758558
424.0,39.58999999999997,1.0,0.0,69.0,0.11879805134519765
425.0,1.3599999999999839,0.5,5.0,100.0,0.11820406108847166
426.0,39.829999999999984,1.0,0.0,65.0,0.1176130407830293
427.0,40.729999999999976,1.0,0.0,51.0,0.11702497557911415
428.0,40.22999999999996,1.0,0.0,81.0,0.11643985070121858
429.0,40.07999999999998,1.0,0.0,48.0,0.11585765144771248
430.0,6.039999999999965,0.5,0.0,100.0,0.11527836319047392
431.0,35.479999999999976,1.0,4.0,92.0,0.11470197137452155
432.0,9.439999999999948,0.5,0.0,100.0,0.11412846151764894
433.0,36.68999999999997,1.0,1.0,79.0,0.1135578192100607
434.0,7.199999999999952,0.5,0.0,100.0,0.11299003011401039
435.0,32.55999999999999,1.0,1.0,88.0,0.11242507996344034
436.0,4.999999999999987,0.5,1.0,100.0,0.11186295456362313
437.0,7.399999999999944,0.5,0.0,100.0,0.11130363979080501
438.0,7.239999999999951,0.5,1.0,100.0,0.11074712159185099
439.0,36.25999999999997,1.0,0.0,90.0,0.11019338598389174
440.0,9.159999999999943,0.5,0.0,100.0,0.10964241905397228
441.0,38.83999999999998,1.0,0.0,48.0,0.10909420695870241
442.0,42.269999999999975,1.0,0.0,49.0,0.1085487359239089
443.0,4.95999999999997,0.5,0.0,100.0,0.10800599224428936
444.0,34.359999999999964,1.0,0.0,96.0,0.10746596228306791
445.0,7.9599999999999485,0.5,0.0,100.0,0.10692863247165257
446.0,5.599999999999973,0.5,0.0,100.0,0.1063939893092943
447.0,8.319999999999954,0.5,0.0,100.0,0.10586201936274783
448.0,4.559999999999963,0.5,0.0,100.0,0.10533270926593409
449.0,36.51999999999998,1.0,0.0,92.0,0.10480604571960442
450.0,0.7199999999999828,0.5,4.0,100.0,0.1042820154910064
451.0,37.90999999999997,1.0,3.0,65.0,0.10376060541355137
452.0,8.279999999999951,0.5,0.0,100.0,0.1032418023864836
453.0,37.219999999999985,1.0,2.0,66.0,0.10272559337455119
454.0,39.45999999999996,1.0,0.0,90.0,0.10221196540767843
455.0,7.999999999999992,0.5,0.0,100.0,0.10170090558064004
456.0,6.719999999999964,0.5,0.0,100.0,0.10119240105273684
457.0,39.23999999999998,1.0,0.0,56.0,0.10068643904747315
458.0,1.919999999999972,0.5,0.0,100.0,0.10018300685223579
459.0,37.039999999999964,1.0,0.0,96.0,0.0996820918179746
460.0,2.839999999999989,0.5,5.0,100.0,0.09918368135888474
461.0,36.92999999999998,1.0,1.0,67.0,0.09868776295209031
462.0,38.08999999999998,1.0,0.0,47.0,0.09819432413732986
463.0,7.719999999999951,0.5,0.0,100.0,0.09770335251664321
464.0,-4.199999999999995,0.0,0.0,100.0,0.09721483575406
465.0,41.24999999999997,1.0,0.0,55.0,0.09672876157528969
466.0,3.7999999999999665,0.5,0.0,100.0,0.09624511776741324
467.0,5.999999999999961,0.5,0.0,100.0,0.09576389217857617
468.0,-4.4399999999999995,0.0,0.0,100.0,0.09528507271768329
469.0,37.91999999999997,1.0,0.0,92.0,0.09480864735409487
470.0,40.52999999999997,1.0,1.0,59.0,0.0943346041173244
471.0,4.719999999999989,0.5,1.0,100.0,0.09386293109673778
472.0,40.769999999999975,1.0,0.0,43.0,0.09339361644125409
473.0,6.919999999999975,0.5,2.0,100.0,0.09292664835904782
474.0,39.02999999999996,1.0,1.0,81.0,0.09246201511725258
475.0,38.16999999999995,1.0,0.0,87.0,0.09199970504166631
476.0,6.200000000000004,0.5,2.0,100.0,0.09153970651645797
477.0,6.079999999999966,0.5,0.0,100.0,0.09108200798387568
478.0,1.5999999999999792,0.5,2.0,100.0,0.0906265979439563
479.0,33.32999999999997,1.0,2.0,87.0,0.09017346495423652
480.0,5.1999999999999735,0.5,1.0,100.0,0.08972259762946533
481.0,42.29999999999998,1.0,0.0,34.0,0.089273984641318
482.0,40.459999999999965,1.0,0.0,66.0,0.0888276147181114
483.0,7.799999999999944,0.5,0.0,100.0,0.08838347664452084
484.0,6.7599999999999625,0.5,0.0,100.0,0.08794155926129824
485.0,5.08,0.5,3.0,100.0,0.08750185146499175
486.0,2.2000000000000055,0.5,6.0,100.0,0.08706434220766679
487.0,41.91999999999998,1.0,0.0,40.0,0.08662902049662846
488.0,7.279999999999954,0.5,0.0,100.0,0.08619587539414532
489.0,40.56999999999998,1.0,0.0,47.0,0.08576489601717459
490.0,5.599999999999978,0.5,2.0,100.0,0.08533607153708872
491.0,4.039999999999964,0.5,2.0,100.0,0.08490939117940327
492.0,7.319999999999948,0.5,1.0,100.0,0.08448484422350626
493.0,9.119999999999957,0.5,0.0,100.0,0.08406242000238873
494.0,41.02999999999997,1.0,0.0,69.0,0.08364210790237678
495.0,41.22,1.0,1.0,50.0,0.0832238973628649
496.0,38.339999999999975,1.0,0.0,98.0,0.08280777787605056
497.0,7.999999999999945,0.5,0.0,100.0,0.08239373898667031
498.0,39.01999999999997,1.0,0.0,86.0,0.08198177029173696
499.0,7.559999999999953,0.5,0.0,100.0,0.08157186144027828
500.0,39.18999999999995,1.0,0.0,89.0,0.0811640021330769
501.0,-5.639999999999995,0.0,1.0,100.0,0.08075818212241151
502.0,36.47999999999997,1.0,1.0,80.0,0.08035439121179945
503.0,39.70999999999998,1.0,0.0,85.0,0.07995261925574046
504.0,41.46999999999997,1.0,0.0,69.0,0.07955285615946175
505.0,-1.5200000000000007,0.0,0.0,100.0,0.07915509187866444
506.0,41.52999999999998,1.0,0.0,55.0,0.07875931641927113
507.0,6.9199999999999635,0.5,2.0,100.0,0.07836551983717477
508.0,6.239999999999961,0.5,0.0,100.0,0.07797369223798889
509.0,41.69,1.0,0.0,59.0,0.07758382377679894
510.0,7.799999999999991,0.5,1.0,100.0,0.07719590465791494
511.0,41.89999999999999,1.0,0.0,46.0,0.07680992513462537
512.0,39.139999999999965,1.0,1.0,66.0,0.07642587550895225
513.0,42.97999999999999,1.0,0.0,46.0,0.07604374613140748
514.0,34.43999999999996,1.0,1.0,88.0,0.07566352740075044
515.0,40.44999999999999,1.0,0.0,43.0,0.07528520976374668
516.0,39.96999999999999,1.0,0.0,51.0,0.07490878371492794
517.0,42.669999999999995,1.0,0.0,57.0,0.0745342397963533
518.0,7.279999999999962,0.5,0.0,100.0,0.07416156859737154
519.0,6.799999999999969,0.5,0.0,100.0,0.07379076075438468
520.0,5.599999999999974,0.5,0.0,100.0,0.07342180695061275
521.0,40.07999999999996,1.0,0.0,60.0,0.07305469791585968
522.0,39.669999999999995,1.0,1.0,57.0,0.07268942442628039
523.0,9.279999999999939,0.5,0.0,100.0,0.07232597730414898
524.0,41.16999999999997,1.0,0.0,51.0,0.07196434741762824
525.0,6.999999999999951,0.5,0.0,100.0,0.0716045256805401
526.0,-5.759999999999997,0.0,3.0,100.0,0.0712465030521374
527.0,7.32000000000001,0.5,2.0,100.0,0.0708902705368767
528.0,42.62999999999998,1.0,0.0,45.0,0.07053581918419231
529.0,7.759999999999947,0.5,2.0,100.0,0.07018314008827135
530.0,4.32,0.5,1.0,100.0,0.06983222438783
531.0,7.9999999999999405,0.5,0.0,100.0,0.06948306326589085
532.0,42.239999999999995,1.0,0.0,36.0,0.0691356479495614
533.0,42.11999999999998,1.0,0.0,52.0,0.06878996970981359
534.0,42.16999999999999,1.0,0.0,35.0,0.06844601986126451
535.0,40.86999999999996,1.0,1.0,81.0,0.06810378976195819
536.0,6.480000000000014,0.5,2.0,100.0,0.0677632708131484
537.0,42.129999999999995,1.0,0.0,59.0,0.06742445445908266
538.0,5.399999999999997,0.5,0.0,100.0,0.06708733218678724
539.0,10.519999999999946,0.5,0.0,100.0,0.0667518955258533
540.0,-4.16,0.0,0.0,100.0,0.06641813604822402
541.0,8.639999999999953,0.5,0.0,100.0,0.0660860453679829
542.0,6.839999999999968,0.5,0.0,100.0,0.06575561514114299
543.0,7.959999999999952,0.5,0.0,100.0,0.06542683706543727
544.0,42.33999999999999,1.0,0.0,38.0,0.06509970288011008
545.0,9.439999999999946,0.5,0.0,100.0,0.06477420436570952
546.0,6.279999999999953,0.5,0.0,100.0,0.06445033334388098
547.0,3.5599999999999934,0.5,3.0,100.0,0.06412808167716157
548.0,37.05999999999996,1.0,0.0,78.0,0.06380744126877576
549.0,8.87999999999994,0.5,0.0,100.0,0.06348840406243188
550.0,7.559999999999941,0.5,0.0,100.0,0.06317096204211972
551.0,8.679999999999945,0.5,0.0,100.0,0.06285510723190912
552.0,35.69999999999998,1.0,0.0,86.0,0.06254083169574957
553.0,41.42999999999996,1.0,0.0,73.0,0.062228127537270826
554.0,40.07999999999995,1.0,0.0,88.0,0.06191698689958447
555.0,37.579999999999956,1.0,0.0,90.0,0.061607401965086545
556.0,5.319999999999976,0.5,0.0,100.0,0.06129936495526111
557.0,7.359999999999954,0.5,0.0,100.0,0.0609928681304848
558.0,7.399999999999949,0.5,0.0,100.0,0.060687903789832374
559.0,8.599999999999943,0.5,0.0,100.0,0.06038446427088321
560.0,6.1599999999999655,0.5,0.0,100.0,0.06008254194952879
561.0,8.239999999999966,0.5,0.0,100.0,0.05978212923978115
562.0,38.61999999999996,1.0,0.0,62.0,0.05948321859358224
563.0,6.839999999999964,0.5,0.0,100.0,0.05918580250061433
564.0,7.2799999999999585,0.5,1.0,100.0,0.058889873488111255
565.0,38.099999999999966,1.0,2.0,94.0,0.058595424120670696
566.0,36.439999999999976,1.0,0.0,80.0,0.05830244700006734
567.0,7.3599999999999515,0.5,0.0,100.0,0.058010934765067
568.0,40.58999999999996,1.0,0.0,77.0,0.05772088009124167
569.0,38.959999999999965,1.0,0.0,64.0,0.05743227569078546
570.0,5.959999999999969,0.5,0.0,100.0,0.05714511431233153
571.0,40.60999999999997,1.0,0.0,59.0,0.05685938874076987
572.0,41.089999999999975,1.0,0.0,47.0,0.056575091797066025
573.0,41.84999999999998,1.0,0.0,63.0,0.056292216338080694
574.0,43.24999999999999,1.0,0.0,31.0,0.05601075525639029
575.0,42.68999999999999,1.0,0.0,39.0,0.05573070148010834
576.0,5.279999999999985,0.5,1.0,100.0,0.0554520479727078
577.0,4.99999999999997,0.5,0.0,100.0,0.05517478773284426
578.0,38.97999999999999,1.0,2.0,58.0,0.05489891379418004
579.0,41.929999999999986,1.0,0.0,39.0,0.05462441922520914
580.0,40.46999999999996,1.0,0.0,73.0,0.0543512971290831
581.0,37.96999999999997,1.0,0.0,87.0,0.05407954064343768
582.0,8.03999999999994,0.5,0.0,100.0,0.05380914294022049
583.0,40.669999999999966,1.0,0.0,57.0,0.05354009722551939
584.0,40.04,1.0,1.0,60.0,0.05327239673939179
585.0,4.199999999999981,0.5,0.0,100.0,0.053006034755694834
586.0,41.07999999999997,1.0,1.0,76.0,0.052741004581916356
587.0,42.98,1.0,0.0,46.0,0.052477299559006776
588.0,39.55999999999995,1.0,0.0,92.0,0.052214913061211746
589.0,36.69999999999998,1.0,3.0,74.0,0.05195383849590569
590.0,6.719999999999962,0.5,0.0,100.0,0.05169406930342616
591.0,42.30999999999998,1.0,0.0,45.0,0.05143559895690903
592.0,8.839999999999936,0.5,0.0,100.0,0.051178420962124486
593.0,42.44,1.0,0.0,48.0,0.05092252885731386
594.0,40.069999999999965,1.0,1.0,65.0,0.05066791621302729
595.0,39.93999999999996,1.0,1.0,90.0,0.05041457663196215
596.0,41.739999999999995,1.0,1.0,46.0,0.050162503748802344
597.0,38.37999999999998,1.0,0.0,66.0,0.05
598.0,41.989999999999995,1.0,0.0,41.0,0.05
599.0,39.85999999999997,1.0,1.0,86.0,0.05
600.0,7.599999999999949,0.5,0.0,100.0,0.05
601.0,41.14999999999996,1.0,0.0,61.0,0.05
602.0,41.689999999999976,1.0,1.0,47.0,0.05
603.0,10.159999999999965,0.5,0.0,100.0,0.05
604.0,41.81999999999997,1.0,0.0,54.0,0.05
605.0,37.08999999999996,1.0,0.0,83.0,0.05
606.0,41.93999999999996,1.0,0.0,66.0,0.05
607.0,8.639999999999937,0.5,0.0,100.0,0.05
608.0,9.559999999999961,0.5,0.0,100.0,0.05
609.0,43.15999999999999,1.0,0.0,44.0,0.05
610.0,4.879999999999974,0.5,0.0,100.0,0.05
611.0,6.3199999999999585,0.5,0.0,100.0,0.05
612.0,41.529999999999966,1.0,0.0,71.0,0.05
613.0,39.02999999999995,1.0,0.0,85.0,0.05
614.0,42.77999999999997,1.0,0.0,58.0,0.05
615.0,42.73,1.0,0.0,43.0,0.05
616.0,42.74999999999999,1.0,0.0,29.0,0.05
617.0,40.31999999999995,1.0,0.0,96.0,0.05
618.0,41.08999999999999,1.0,0.0,55.0,0.05
619.0,41.41999999999996,1.0,0.0,70.0,0.05
620.0,39.639999999999965,1.0,0.0,68.0,0.05
621.0,36.759999999999984,1.0,0.0,76.0,0.05
622.0,8.31999999999994,0.5,0.0,100.0,0.05
623.0,41.42999999999999,1.0,0.0,41.0,0.05
624.0,6.879999999999954,0.5,0.0,100.0,0.05
625.0,-2.2,0.0,1.0,100.0,0.05
626.0,5.759999999999952,0.5,0.0,100.0,0.05
627.0,7.679999999999948,0.5,0.0,100.0,0.05
628.0,43.199999999999974,1.0,0.0,52.0,0.05
629.0,40.98,1.0,0.0,66.0,0.05
630.0,43.14999999999999,1.0,0.0,41.0,0.05
631.0,7.319999999999945,0.5,0.0,100.0,0.05
632.0,42.879999999999974,1.0,0.0,56.0,0.05
633.0,9.199999999999948,0.5,0.0,100.0,0.05
634.0,5.639999999999968,0.5,0.0,100.0,0.05
635.0,7.039999999999961,0.5,0.0,100.0,0.05
636.0,42.05999999999999,1.0,0.0,30.0,0.05
637.0,6.95999999999996,0.5,0.0,100.0,0.05
638.0,42.08999999999999,1.0,0.0,35.0,0.05
639.0,40.49999999999999,1.0,0.0,62.0,0.05
640.0,35.31999999999996,1.0,1.0,100.0,0.05
641.0,42.66999999999999,1.0,0.0,41.0,0.05
642.0,40.58999999999996,1.0,0.0,77.0,0.05
643.0,42.05999999999997,1.0,0.0,70.0,0.05
644.0,42.68999999999997,1.0,0.0,55.0,0.05
645.0,10.279999999999944,0.5,0.0,100.0,0.05
646.0,40.41999999999997,1.0,0.0,78.0,0.05
647.0,-1.8399999999999976,0.0,0.0,100.0,0.05
648.0,10.279999999999959,0.5,0.0,100.0,0.05
649.0,39.36999999999997,1.0,0.0,83.0,0.05
650.0,6.439999999999953,0.5,0.0,100.0,0.05
651.0,42.16,1.0,0.0,40.0,0.05
652.0,7.95999999999994,0.5,0.0,100.0,0.05
653.0,4.079999999999976,0.5,2.0,100.0,0.05
654.0,41.19999999999998,1.0,0.0,60.0,0.05
655.0,43.43,1.0,0.0,33.0,0.05
656.0,6.27999999999996,0.5,0.0,100.0,0.05
657.0,5.319999999999963,0.5,0.0,100.0,0.05
658.0,9.559999999999942,0.5,0.0,100.0,0.05
659.0,7.0799999999999415,0.5,0.0,100.0,0.05
660.0,42.29999999999999,1.0,0.0,34.0,0.05
661.0,39.45999999999998,1.0,1.0,58.0,0.05
662.0,6.959999999999954,0.5,0.0,100.0,0.05
663.0,42.25,1.0,0.0,31.0,0.05
664.0,42.69,1.0,0.0,43.0,0.05
665.0,9.079999999999945,0.5,0.0,100.0,0.05
666.0,9.07999999999999,0.5,1.0,100.0,0.05
667.0,7.959999999999944,0.5,0.0,100.0,0.05
668.0,42.64999999999999,1.0,0.0,35.0,0.05
669.0,42.3,1.0,0.0,42.0,0.05
670.0,42.21999999999999,1.0,0.0,54.0,0.05
671.0,8.479999999999949,0.5,0.0,100.0,0.05
672.0,39.79999999999997,1.0,0.0,60.0,0.05
673.0,37.059999999999945,1.0,0.0,94.0,0.05
674.0,40.49999999999998,1.0,0.0,90.0,0.05
675.0,41.72,1.0,0.0,60.0,0.05
676.0,42.63999999999997,1.0,0.0,60.0,0.05
677.0,42.58999999999999,1.0,0.0,25.0,0.05
678.0,43.31999999999998,1.0,0.0,44.0,0.05
679.0,7.11999999999996,0.5,2.0,100.0,0.05
680.0,42.47999999999999,1.0,0.0,24.0,0.05
681.0,42.24999999999999,1.0,0.0,39.0,0.05
682.0,43.389999999999986,1.0,0.0,49.0,0.05
683.0,42.21999999999996,1.0,0.0,70.0,0.05
684.0,39.61999999999996,1.0,0.0,66.0,0.05
685.0,40.96999999999999,1.0,0.0,55.0,0.05
686.0,43.29999999999997,1.0,0.0,54.0,0.05
687.0,37.59999999999996,1.0,1.0,72.0,0.05
688.0,43.81999999999999,1.0,0.0,34.0,0.05
689.0,40.35999999999999,1.0,1.0,60.0,0.05
690.0,43.16999999999999,1.0,0.0,31.0,0.05
691.0,6.4799999999999525,0.5,0.0,100.0,0.05
692.0,7.719999999999946,0.5,0.0,100.0,0.05
693.0,43.19,1.0,0.0,25.0,0.05
694.0,7.839999999999941,0.5,0.0,100.0,0.05
695.0,41.17999999999998,1.0,0.0,42.0,0.05
696.0,42.23999999999998,1.0,0.0,52.0,0.05
697.0,40.75999999999995,1.0,0.0,96.0,0.05
698.0,42.059999999999995,1.0,1.0,46.0,0.05
699.0,41.09999999999998,1.0,0.0,30.0,0.05
700.0,5.639999999999961,0.5,0.0,100.0,0.05
701.0,38.629999999999995,1.0,1.0,61.0,0.05
702.0,43.299999999999976,1.0,0.0,46.0,0.05
703.0,42.91,1.0,0.0,25.0,0.05
704.0,41.21999999999998,1.0,0.0,46.0,0.05
705.0,42.129999999999995,1.0,1.0,43.0,0.05
706.0,42.81999999999999,1.0,0.0,54.0,0.05
707.0,8.35999999999994,0.5,0.0,100.0,0.05
708.0,41.459999999999994,1.0,1.0,50.0,0.05
709.0,39.879999999999946,1.0,1.0,96.0,0.05
710.0,42.87999999999999,1.0,0.0,32.0,0.05
711.0,8.719999999999951,0.5,0.0,100.0,0.05
712.0,7.919999999999952,0.5,0.0,100.0,0.05
713.0,43.0,1.0,0.0,28.0,0.05
714.0,43.14999999999999,1.0,0.0,37.0,0.05
715.0,-4.279999999999994,0.0,0.0,100.0,0.05
716.0,9.879999999999937,0.5,0.0,100.0,0.05
717.0,40.59999999999999,1.0,0.0,68.0,0.05
718.0,42.48999999999999,1.0,0.0,35.0,0.05
719.0,40.89999999999999,1.0,0.0,62.0,0.05
720.0,42.39999999999999,1.0,0.0,44.0,0.05
721.0,42.849999999999994,1.0,0.0,31.0,0.05
722.0,39.35999999999996,1.0,0.0,72.0,0.05
723.0,5.479999999999972,0.5,0.0,100.0,0.05
724.0,42.729999999999976,1.0,0.0,47.0,0.05
725.0,42.83999999999997,1.0,0.0,60.0,0.05
726.0,7.6399999999999455,0.5,0.0,100.0,0.05
727.0,42.24999999999999,1.0,0.0,27.0,0.05
728.0,41.48999999999998,1.0,0.0,51.0,0.05
729.0,42.92999999999999,1.0,0.0,39.0,0.05
730.0,41.019999999999975,1.0,0.0,66.0,0.05
731.0,42.42999999999997,1.0,0.0,53.0,0.05
732.0,9.23999999999994,0.5,0.0,100.0,0.05
733.0,40.98999999999999,1.0,0.0,53.0,0.05
734.0,42.51999999999997,1.0,0.0,56.0,0.05
735.0,42.66999999999998,1.0,0.0,49.0,0.05
736.0,41.429999999999986,1.0,0.0,37.0,0.05
737.0,40.39999999999997,1.0,0.0,64.0,0.05
738.0,38.78999999999995,1.0,0.0,97.0,0.05
739.0,40.67999999999996,1.0,1.0,80.0,0.05
740.0,42.93999999999999,1.0,0.0,26.0,0.05
741.0,42.78999999999997,1.0,0.0,57.0,0.05
742.0,40.389999999999986,1.0,0.0,37.0,0.05
743.0,42.24999999999997,1.0,0.0,51.0,0.05
744.0,41.86999999999998,1.0,0.0,33.0,0.05
745.0,9.079999999999943,0.5,0.0,100.0,0.05
746.0,37.13999999999999,1.0,4.0,50.0,0.05
747.0,42.959999999999994,1.0,0.0,32.0,0.05
748.0,40.88999999999996,1.0,0.0,75.0,0.05
749.0,40.829999999999984,1.0,0.0,69.0,0.05
750.0,-8.079999999999995,0.0,4.0,100.0,0.05
751.0,7.119999999999956,0.5,1.0,100.0,0.05
752.0,40.08999999999997,1.0,0.0,63.0,0.05
753.0,40.42999999999998,1.0,0.0,37.0,0.05
754.0,38.23999999999998,1.0,2.0,84.0,0.05
755.0,42.75999999999999,1.0,0.0,28.0,0.05
756.0,42.35999999999998,1.0,0.0,48.0,0.05
757.0,9.959999999999988,0.5,0.0,100.0,0.05
758.0,42.119999999999976,1.0,0.0,64.0,0.05
759.0,41.149999999999984,1.0,0.0,37.0,0.05
760.0,42.99999999999998,1.0,0.0,44.0,0.05
761.0,41.95999999999996,1.0,0.0,76.0,0.05
762.0,43.059999999999974,1.0,0.0,46.0,0.05
763.0,43.22999999999998,1.0,0.0,49.0,0.05
764.0,42.37999999999997,1.0,0.0,66.0,0.05
765.0,8.319999999999956,0.5,0.0,100.0,0.05
766.0,42.53999999999999,1.0,0.0,30.0,0.05
767.0,41.329999999999984,1.0,0.0,35.0,0.05
768.0,36.60999999999997,1.0,1.0,79.0,0.05
769.0,42.98999999999999,1.0,0.0,33.0,0.05
770.0,39.96999999999996,1.0,0.0,83.0,0.05
771.0,41.36999999999997,1.0,0.0,55.0,0.05
772.0,41.50999999999997,1.0,0.0,53.0,0.05
773.0,43.01999999999998,1.0,0.0,46.0,0.05
774.0,40.25999999999998,1.0,1.0,50.0,0.05
775.0,42.08,1.0,1.0,24.0,0.05
776.0,40.87999999999998,1.0,0.0,36.0,0.05
777.0,38.33999999999996,1.0,0.0,78.0,0.05
778.0,40.529999999999944,1.0,0.0,87.0,0.05
779.0,41.18999999999998,1.0,0.0,41.0,0.05
780.0,40.47999999999997,1.0,0.0,60.0,0.05
781.0,42.389999999999986,1.0,0.0,33.0,0.05
782.0,42.229999999999976,1.0,0.0,49.0,0.05
783.0,40.37999999999998,1.0,0.0,38.0,0.05
784.0,41.79999999999997,1.0,0.0,52.0,0.05
785.0,42.449999999999974,1.0,0.0,43.0,0.05
786.0,40.859999999999964,1.0,0.0,70.0,0.05
787.0,40.14999999999997,1.0,0.0,57.0,0.05
788.0,43.24999999999997,1.0,0.0,51.0,0.05
789.0,38.049999999999955,1.0,0.0,95.0,0.05
790.0,41.079999999999984,1.0,0.0,44.0,0.05
791.0,-0.5200000000000008,0.5,0.0,100.0,0.05
792.0,39.01999999999995,1.0,2.0,82.0,0.05
793.0,42.62999999999999,1.0,0.0,41.0,0.05
794.0,41.67999999999998,1.0,0.0,44.0,0.05
795.0,-2.8800000000000012,0.0,0.0,100.0,0.05
796.0,39.52999999999996,1.0,0.0,79.0,0.05
797.0,42.66999999999999,1.0,0.0,33.0,0.05
798.0,39.199999999999996,1.0,0.0,64.0,0.05
799.0,41.14999999999996,1.0,0.0,73.0,0.05
800.0,42.189999999999976,1.0,0.0,49.0,0.05
801.0,42.51999999999998,1.0,0.0,44.0,0.05
802.0,39.27999999999996,1.0,0.0,72.0,0.05
803.0,42.349999999999994,1.0,0.0,33.0,0.05
804.0,42.82999999999999,1.0,0.0,33.0,0.05
805.0,42.699999999999974,1.0,0.0,50.0,0.05
806.0,40.81999999999999,1.0,0.0,58.0,0.05
807.0,42.79999999999999,1.0,0.0,24.0,0.05
808.0,42.829999999999984,1.0,0.0,41.0,0.05
809.0,42.70999999999998,1.0,0.0,45.0,0.05
810.0,41.839999999999975,1.0,0.0,52.0,0.05
811.0,41.18999999999998,1.0,0.0,33.0,0.05
812.0,42.559999999999974,1.0,0.0,44.0,0.05
813.0,43.12999999999998,1.0,0.0,43.0,0.05
814.0,42.60999999999999,1.0,0.0,23.0,0.05
815.0,41.74999999999999,1.0,0.0,33.0,0.05
816.0,6.3200000000000065,0.5,0.0,100.0,0.05
817.0,7.919999999999953,0.5,0.0,100.0,0.05
818.0,43.55,1.0,0.0,37.0,0.05
819.0,42.69999999999999,1.0,0.0,26.0,0.05
820.0,40.78999999999998,1.0,0.0,37.0,0.05
821.0,42.91999999999999,1.0,0.0,36.0,0.05
822.0,42.39999999999998,1.0,0.0,48.0,0.05
823.0,43.02999999999999,1.0,0.0,49.0,0.05
824.0,34.439999999999955,1.0,2.0,92.0,0.05
825.0,10.439999999999987,0.5,0.0,100.0,0.05
826.0,43.17999999999998,1.0,0.0,50.0,0.05
827.0,42.77999999999999,1.0,0.0,34.0,0.05
828.0,42.84999999999998,1.0,0.0,59.0,0.05
829.0,43.00999999999999,1.0,0.0,35.0,0.05
830.0,42.14999999999998,1.0,0.0,61.0,0.05
831.0,42.849999999999994,1.0,0.0,35.0,0.05
832.0,42.41999999999997,1.0,0.0,74.0,0.05
833.0,40.969999999999985,1.0,0.0,39.0,0.05
834.0,42.479999999999976,1.0,0.0,60.0,0.05
835.0,37.44999999999998,1.0,2.0,83.0,0.05
836.0,43.049999999999976,1.0,0.0,51.0,0.05
837.0,9.319999999999942,0.5,0.0,100.0,0.05
838.0,42.87999999999999,1.0,0.0,24.0,0.05
839.0,42.799999999999976,1.0,0.0,48.0,0.05
840.0,39.809999999999974,1.0,0.0,63.0,0.05
841.0,41.929999999999986,1.0,0.0,35.0,0.05
842.0,40.319999999999965,1.0,0.0,68.0,0.05
843.0,43.28,1.0,0.0,36.0,0.05
844.0,42.909999999999975,1.0,0.0,49.0,0.05
845.0,42.36999999999997,1.0,0.0,59.0,0.05
846.0,41.36999999999998,1.0,0.0,39.0,0.05
847.0,42.63999999999999,1.0,0.0,28.0,0.05
848.0,40.36999999999998,1.0,2.0,63.0,0.05
849.0,43.19,1.0,0.0,25.0,0.05
850.0,42.82999999999999,1.0,0.0,37.0,0.05
851.0,42.72999999999999,1.0,0.0,27.0,0.05
852.0,42.669999999999995,1.0,0.0,41.0,0.05
853.0,42.26999999999998,1.0,0.0,53.0,0.05
854.0,43.24999999999997,1.0,0.0,55.0,0.05
855.0,42.59999999999997,1.0,0.0,52.0,0.05
856.0,41.76999999999998,1.0,0.0,75.0,0.05
857.0,41.11999999999996,1.0,0.0,64.0,0.05
858.0,10.35999999999994,0.5,0.0,100.0,0.05
859.0,7.359999999999959,0.5,0.0,100.0,0.05
860.0,43.839999999999975,1.0,0.0,48.0,0.05
861.0,41.109999999999985,1.0,0.0,61.0,0.05
862.0,6.559999999999967,0.5,1.0,100.0,0.05
863.0,40.989999999999974,1.0,0.0,49.0,0.05
864.0,37.51,1.0,4.0,45.0,0.05
865.0,43.41999999999997,1.0,0.0,58.0,0.05
866.0,41.18999999999998,1.0,0.0,33.0,0.05
867.0,43.31999999999998,1.0,0.0,56.0,0.05
868.0,42.10999999999998,1.0,0.0,57.0,0.05
869.0,40.649999999999984,1.0,2.0,63.0,0.05
870.0,7.519999999999948,0.5,0.0,100.0,0.05
871.0,42.989999999999974,1.0,0.0,61.0,0.05
872.0,42.889999999999986,1.0,0.0,27.0,0.05
873.0,42.18999999999999,1.0,0.0,33.0,0.05
874.0,-4.319999999999994,0.0,0.0,100.0,0.05
875.0,42.21999999999996,1.0,0.0,66.0,0.05
876.0,43.379999999999974,1.0,0.0,46.0,0.05
877.0,7.439999999999951,0.5,0.0,100.0,0.05
878.0,42.30999999999999,1.0,0.0,29.0,0.05
879.0,8.479999999999947,0.5,0.0,100.0,0.05
880.0,42.45999999999998,1.0,0.0,46.0,0.05
881.0,37.62,1.0,3.0,74.0,0.05
882.0,42.489999999999995,1.0,0.0,51.0,0.05
883.0,2.83999999999999,0.5,0.0,100.0,0.05
884.0,42.36999999999997,1.0,0.0,55.0,0.05
885.0,42.71999999999999,1.0,0.0,32.0,0.05
886.0,9.639999999999947,0.5,0.0,100.0,0.05
887.0,35.71999999999998,1.0,0.0,92.0,0.05
888.0,43.28999999999998,1.0,0.0,43.0,0.05
889.0,39.54999999999997,1.0,0.0,77.0,0.05
890.0,43.189999999999976,1.0,0.0,45.0,0.05
891.0,40.86999999999998,1.0,0.0,45.0,0.05
892.0,42.52999999999999,1.0,0.0,35.0,0.05
893.0,42.41999999999999,1.0,0.0,38.0,0.05
894.0,41.63999999999998,1.0,0.0,56.0,0.05
895.0,43.01999999999998,1.0,0.0,42.0,0.05
896.0,42.79999999999999,1.0,0.0,32.0,0.05
897.0,42.69999999999997,1.0,0.0,58.0,0.05
898.0,42.449999999999974,1.0,0.0,55.0,0.05
899.0,8.479999999999945,0.5,0.0,100.0,0.05
900.0,43.449999999999974,1.0,0.0,51.0,0.05
901.0,41.479999999999976,1.0,1.0,68.0,0.05
902.0,41.01999999999998,1.0,0.0,38.0,0.05
903.0,41.93999999999997,1.0,0.0,58.0,0.05
904.0,39.34999999999995,1.0,0.0,77.0,0.05
905.0,43.59999999999998,1.0,0.0,56.0,0.05
906.0,41.29999999999999,1.0,0.0,46.0,0.05
907.0,42.159999999999975,1.0,0.0,52.0,0.05
908.0,43.139999999999986,1.0,0.0,30.0,0.05
909.0,42.87999999999998,1.0,0.0,44.0,0.05
910.0,42.459999999999994,1.0,0.0,26.0,0.05
911.0,43.02999999999998,1.0,0.0,45.0,0.05
912.0,43.09999999999997,1.0,0.0,58.0,0.05
913.0,42.44999999999997,1.0,0.0,63.0,0.05
914.0,4.160000000000005,0.5,0.0,100.0,0.05
915.0,40.969999999999985,1.0,0.0,31.0,0.05
916.0,43.439999999999976,1.0,0.0,56.0,0.05
917.0,42.76999999999999,1.0,0.0,31.0,0.05
918.0,42.72999999999999,1.0,0.0,27.0,0.05
919.0,41.51999999999998,1.0,0.0,28.0,0.05
920.0,43.12999999999998,1.0,0.0,43.0,0.05
921.0,42.5,1.0,1.0,34.0,0.05
922.0,42.91,1.0,0.0,49.0,0.05
923.0,42.15999999999999,1.0,0.0,32.0,0.05
924.0,43.12999999999998,1.0,0.0,43.0,0.05
925.0,41.609999999999964,1.0,0.0,67.0,0.05
926.0,43.01999999999998,1.0,0.0,42.0,0.05
927.0,42.78999999999999,1.0,0.0,29.0,0.05
928.0,42.74999999999999,1.0,0.0,33.0,0.05
929.0,41.819999999999986,1.0,0.0,34.0,0.05
930.0,41.74,1.0,0.0,46.0,0.05
931.0,42.40999999999999,1.0,0.0,27.0,0.05
932.0,40.38999999999997,1.0,0.0,53.0,0.05
933.0,42.94999999999998,1.0,0.0,45.0,0.05
934.0,42.729999999999976,1.0,0.0,43.0,0.05
935.0,41.06999999999998,1.0,1.0,45.0,0.05
936.0,43.129999999999974,1.0,0.0,51.0,0.05
937.0,40.44999999999999,1.0,0.0,43.0,0.05
938.0,43.01999999999998,1.0,0.0,50.0,0.05
939.0,42.689999999999976,1.0,0.0,55.0,0.05
940.0,0.5999999999999983,0.5,0.0,100.0,0.05
941.0,40.32999999999996,1.0,0.0,75.0,0.05
942.0,42.53999999999997,1.0,0.0,58.0,0.05
943.0,42.51999999999999,1.0,0.0,32.0,0.05
944.0,41.32999999999997,1.0,0.0,75.0,0.05
945.0,41.829999999999984,1.0,0.0,33.0,0.05
946.0,42.85999999999999,1.0,0.0,26.0,0.05
947.0,40.68999999999998,1.0,1.0,31.0,0.05
948.0,39.44999999999998,1.0,2.0,59.0,0.05
949.0,45.82,1.0,0.0,34.0,0.05
950.0,43.419999999999995,1.0,0.0,50.0,0.05
951.0,43.01999999999999,1.0,0.0,42.0,0.05
952.0,42.559999999999974,1.0,0.0,48.0,0.05
953.0,42.009999999999984,1.0,0.0,59.0,0.05
954.0,41.05,1.0,0.0,47.0,0.05
955.0,41.479999999999976,1.0,0.0,56.0,0.05
956.0,41.67999999999999,1.0,0.0,60.0,0.05
957.0,42.44999999999998,1.0,0.0,55.0,0.05
958.0,41.389999999999986,1.0,0.0,33.0,0.05
959.0,42.709999999999994,1.0,0.0,33.0,0.05
960.0,43.49999999999999,1.0,0.0,46.0,0.05
961.0,42.75999999999999,1.0,0.0,36.0,0.05
962.0,32.96,1.0,8.0,52.0,0.05
963.0,40.879999999999974,1.0,0.0,48.0,0.05
964.0,41.85999999999999,1.0,0.0,58.0,0.05
965.0,5.719999999999966,0.5,0.0,100.0,0.05
966.0,41.60999999999999,1.0,0.0,59.0,0.05
967.0,41.41999999999997,1.0,0.0,66.0,0.05
968.0,40.599999999999966,1.0,0.0,68.0,0.05
969.0,42.66999999999997,1.0,0.0,49.0,0.05
970.0,42.84999999999997,1.0,0.0,59.0,0.05
971.0,41.869999999999976,1.0,1.0,61.0,0.05
972.0,40.84999999999997,1.0,0.0,55.0,0.05
973.0,42.60999999999999,1.0,0.0,31.0,0.05
974.0,43.019999999999975,1.0,0.0,50.0,0.05
975.0,43.21999999999998,1.0,0.0,46.0,0.05
976.0,39.18999999999996,1.0,0.0,65.0,0.05
977.0,42.879999999999995,1.0,0.0,40.0,0.05
978.0,42.65999999999999,1.0,0.0,30.0,0.05
979.0,42.91999999999999,1.0,0.0,28.0,0.05
980.0,42.64999999999999,1.0,0.0,27.0,0.05
981.0,41.819999999999986,1.0,0.0,26.0,0.05
982.0,42.62999999999998,1.0,0.0,41.0,0.05
983.0,38.959999999999994,1.0,0.0,56.0,0.05
984.0,41.21999999999998,1.0,0.0,70.0,0.05
985.0,41.39999999999998,1.0,0.0,40.0,0.05
986.0,42.70999999999999,1.0,0.0,41.0,0.05
987.0,42.39999999999997,1.0,0.0,56.0,0.05
988.0,8.239999999999936,0.5,0.0,100.0,0.05
989.0,42.81999999999997,1.0,0.0,54.0,0.05
990.0,42.84999999999997,1.0,0.0,55.0,0.05
991.0,42.93999999999997,1.0,0.0,50.0,0.05
992.0,41.959999999999965,1.0,0.0,68.0,0.05
993.0,42.989999999999974,1.0,0.0,49.0,0.05
994.0,40.68999999999997,1.0,0.0,55.0,0.05
995.0,42.72999999999999,1.0,0.0,47.0,0.05
996.0,43.56999999999999,1.0,0.0,39.0,0.05
997.0,41.90999999999998,1.0,0.0,29.0,0.05
998.0,43.5,1.0,0.0,30.0,0.05
999.0,42.009999999999984,1.0,0.0,31.0,0.05
1000.0,42.61999999999999,1.0,0.0,42.0,0.05
1001.0,41.86999999999999,1.0,0.0,49.0,0.05
1002.0,42.76999999999998,1.0,0.0,39.0,0.05
1003.0,43.36999999999999,1.0,0.0,35.0,0.05
1004.0,43.33999999999999,1.0,0.0,34.0,0.05
1005.0,42.29999999999998,1.0,0.0,30.0,0.05
1006.0,42.39999999999999,1.0,0.0,24.0,0.05
1007.0,42.62999999999998,1.0,0.0,57.0,0.05
1008.0,41.469999999999985,1.0,0.0,57.0,0.05
1009.0,42.53999999999999,1.0,0.0,22.0,0.05
1010.0,42.459999999999965,1.0,0.0,58.0,0.05
1011.0,42.41999999999997,1.0,0.0,50.0,0.05
1012.0,41.67999999999999,1.0,0.0,48.0,0.05
1013.0,43.71999999999998,1.0,0.0,44.0,0.05
1014.0,43.40999999999998,1.0,0.0,47.0,0.05
1015.0,36.94999999999998,1.0,3.0,65.0,0.05
1016.0,42.08,1.0,1.0,32.0,0.05
1017.0,42.61999999999999,1.0,0.0,34.0,0.05
1018.0,39.869999999999976,1.0,2.0,49.0,0.05
1019.0,42.77999999999999,1.0,0.0,26.0,0.05
1020.0,41.579999999999984,1.0,0.0,34.0,0.05
1021.0,42.969999999999985,1.0,0.0,35.0,0.05
1022.0,40.32999999999996,1.0,0.0,67.0,0.05
1023.0,43.169999999999995,1.0,0.0,39.0,0.05
1024.0,43.74999999999998,1.0,0.0,45.0,0.05
1025.0,42.15999999999998,1.0,0.0,40.0,0.05
1026.0,42.64999999999997,1.0,0.0,51.0,0.05
1027.0,42.06999999999998,1.0,0.0,65.0,0.05
1028.0,43.129999999999995,1.0,0.0,35.0,0.05
1029.0,42.61999999999998,1.0,0.0,62.0,0.05
1030.0,43.50999999999999,1.0,0.0,37.0,0.05
1031.0,41.73999999999998,1.0,0.0,42.0,0.05
1032.0,42.589999999999975,1.0,0.0,57.0,0.05
1033.0,41.37999999999997,1.0,0.0,58.0,0.05
1034.0,41.34999999999995,1.0,0.0,85.0,0.05
1035.0,40.679999999999964,1.0,0.0,68.0,0.05
1036.0,42.27999999999999,1.0,0.0,36.0,0.05
1037.0,43.05999999999999,1.0,0.0,46.0,0.05
1038.0,42.16999999999998,1.0,0.0,51.0,0.05
1039.0,42.99999999999999,1.0,0.0,36.0,0.05
1040.0,36.02000000000001,1.0,0.0,86.0,0.05
1041.0,42.89999999999998,1.0,0.0,46.0,0.05
1042.0,6.91999999999996,0.5,0.0,100.0,0.05
1043.0,41.77999999999999,1.0,0.0,34.0,0.05
1044.0,42.639999999999986,1.0,0.0,40.0,0.05
1045.0,42.50999999999998,1.0,0.0,49.0,0.05
1046.0,42.35999999999997,1.0,0.0,56.0,0.05
1047.0,43.339999999999996,1.0,0.0,34.0,0.05
1048.0,42.59999999999998,1.0,0.0,40.0,0.05
1049.0,43.02999999999997,1.0,0.0,49.0,0.05
1050.0,42.02999999999999,1.0,0.0,33.0,0.05
1051.0,41.80999999999999,1.0,0.0,43.0,0.05
1052.0,42.92999999999997,1.0,0.0,47.0,0.05
1053.0,42.68999999999997,1.0,0.0,59.0,0.05
1054.0,41.939999999999976,1.0,0.0,58.0,0.05
1055.0,42.019999999999975,1.0,0.0,66.0,0.05
1056.0,42.56999999999999,1.0,0.0,35.0,0.05
1057.0,41.86999999999998,1.0,0.0,33.0,0.05
1058.0,42.99999999999998,1.0,0.0,52.0,0.05
1059.0,42.60999999999999,1.0,0.0,31.0,0.05
1060.0,40.80999999999998,1.0,0.0,39.0,0.05
1061.0,42.30999999999999,1.0,0.0,29.0,0.05
1062.0,40.939999999999976,1.0,0.0,98.0,0.05
1063.0,42.83,1.0,0.0,25.0,0.05
1064.0,41.72999999999998,1.0,0.0,31.0,0.05
1065.0,42.95999999999998,1.0,0.0,44.0,0.05
1066.0,43.36999999999999,1.0,0.0,43.0,0.05
1067.0,41.64999999999998,1.0,0.0,75.0,0.05
1068.0,41.69999999999999,1.0,0.0,50.0,0.05
1069.0,43.04999999999998,1.0,0.0,55.0,0.05
1070.0,6.359999999999966,0.5,1.0,100.0,0.05
1071.0,41.48999999999998,1.0,1.0,43.0,0.05
1072.0,43.14999999999998,1.0,0.0,49.0,0.05
1073.0,42.87999999999997,1.0,0.0,56.0,0.05
1074.0,41.989999999999995,1.0,1.0,41.0,0.05
1075.0,42.40999999999998,1.0,0.0,63.0,0.05
1076.0,40.59999999999997,1.0,0.0,80.0,0.05
1077.0,42.02999999999999,1.0,0.0,33.0,0.05
1078.0,43.18999999999998,1.0,0.0,45.0,0.05
1079.0,42.37999999999998,1.0,0.0,46.0,0.05
1080.0,42.449999999999974,1.0,0.0,55.0,0.05
1081.0,43.08999999999999,1.0,0.0,35.0,0.05
1082.0,40.89999999999997,1.0,0.0,70.0,0.05
1083.0,42.48999999999999,1.0,0.0,51.0,0.05
1084.0,40.24999999999997,1.0,0.0,67.0,0.05
1085.0,42.71999999999999,1.0,0.0,32.0,0.05
1086.0,43.17999999999998,1.0,0.0,50.0,0.05
1087.0,8.67999999999994,0.5,0.0,100.0,0.05
1088.0,42.87999999999998,1.0,0.0,56.0,0.05
1089.0,43.07999999999999,1.0,0.0,44.0,0.05
1090.0,41.65999999999998,1.0,0.0,46.0,0.05
1091.0,42.799999999999976,1.0,0.0,48.0,0.05
1092.0,42.31999999999999,1.0,0.0,40.0,0.05
1093.0,43.31999999999999,1.0,0.0,44.0,0.05
1094.0,41.61999999999998,1.0,0.0,30.0,0.05
1095.0,42.289999999999985,1.0,0.0,35.0,0.05
1096.0,42.76999999999999,1.0,0.0,39.0,0.05
1097.0,42.249999999999986,1.0,0.0,27.0,0.05
1098.0,39.91999999999996,1.0,0.0,80.0,0.05
1099.0,42.36999999999997,1.0,0.0,67.0,0.05
1100.0,41.81999999999998,1.0,1.0,50.0,0.05
1101.0,41.77999999999999,1.0,0.0,42.0,0.05
1102.0,42.98999999999998,1.0,0.0,53.0,0.05
1103.0,42.379999999999974,1.0,0.0,46.0,0.05
1104.0,43.019999999999975,1.0,0.0,50.0,0.05
1105.0,42.82999999999999,1.0,0.0,41.0,0.05
1106.0,41.68999999999997,1.0,0.0,63.0,0.05
1107.0,43.36999999999999,1.0,0.0,43.0,0.05
1108.0,42.29999999999999,1.0,0.0,42.0,0.05
1109.0,42.79999999999998,1.0,0.0,40.0,0.05
1110.0,-4.0799999999999965,0.0,0.0,100.0,0.05
1111.0,43.36999999999998,1.0,0.0,39.0,0.05
1112.0,43.09999999999997,1.0,0.0,50.0,0.05
1113.0,43.089999999999975,1.0,0.0,47.0,0.05
1114.0,43.06999999999999,1.0,0.0,25.0,0.05
1115.0,38.41999999999999,1.0,3.0,86.0,0.05
1116.0,43.64999999999999,1.0,0.0,31.0,0.05
1117.0,42.26999999999998,1.0,0.0,41.0,0.05
1118.0,41.09999999999998,1.0,0.0,70.0,0.05
1119.0,43.03999999999999,1.0,0.0,24.0,0.05
1120.0,42.42999999999999,1.0,0.0,25.0,0.05
1121.0,42.67999999999998,1.0,0.0,40.0,0.05
1122.0,42.25999999999998,1.0,0.0,54.0,0.05
1123.0,42.74999999999999,1.0,0.0,33.0,0.05
1124.0,42.81999999999998,1.0,0.0,46.0,0.05
1125.0,42.92999999999998,1.0,0.0,39.0,0.05
1126.0,41.819999999999986,1.0,0.0,38.0,0.05
1127.0,42.08999999999996,1.0,0.0,67.0,0.05
1128.0,43.25999999999998,1.0,0.0,50.0,0.05
1129.0,42.599999999999966,1.0,0.0,68.0,0.05
1130.0,42.51999999999999,1.0,0.0,28.0,0.05
1131.0,42.179999999999986,1.0,0.0,42.0,0.05
1132.0,42.11999999999999,1.0,0.0,36.0,0.05
1133.0,41.66,1.0,0.0,26.0,0.05
1134.0,6.839999999999954,0.5,1.0,100.0,0.05
1135.0,42.469999999999985,1.0,0.0,49.0,0.05
1136.0,42.039999999999964,1.0,0.0,60.0,0.05
1137.0,41.32999999999997,1.0,0.0,59.0,0.05
1138.0,42.12,1.0,0.0,48.0,0.05
1139.0,42.62999999999999,1.0,0.0,29.0,0.05
1140.0,42.879999999999974,1.0,0.0,48.0,0.05
1141.0,40.95999999999999,1.0,1.0,36.0,0.05
1142.0,41.799999999999976,1.0,0.0,84.0,0.05
1143.0,42.979999999999976,1.0,0.0,46.0,0.05
1144.0,41.35999999999998,1.0,1.0,60.0,0.05
1145.0,42.34999999999998,1.0,0.0,41.0,0.05
1146.0,43.12999999999999,1.0,0.0,43.0,0.05
1147.0,41.79999999999998,1.0,0.0,44.0,0.05
1148.0,42.18999999999999,1.0,0.0,41.0,0.05
1149.0,42.70999999999999,1.0,0.0,29.0,0.05
1150.0,41.98999999999999,1.0,0.0,29.0,0.05
1151.0,42.86999999999999,1.0,0.0,37.0,0.05
1152.0,42.92999999999999,1.0,0.0,31.0,0.05
1153.0,43.149999999999984,1.0,0.0,49.0,0.05
1154.0,9.279999999999939,0.5,1.0,100.0,0.05
1155.0,42.74999999999999,1.0,0.0,33.0,0.05
1156.0,40.679999999999964,1.0,0.0,60.0,0.05
1157.0,40.96999999999997,1.0,0.0,51.0,0.05
1158.0,43.24999999999997,1.0,0.0,51.0,0.05
1159.0,38.599999999999945,1.0,0.0,92.0,0.05
1160.0,42.02999999999999,1.0,0.0,41.0,0.05
1161.0,43.59999999999999,1.0,0.0,48.0,0.05
1162.0,42.489999999999974,1.0,0.0,47.0,0.05
1163.0,42.43999999999998,1.0,0.0,40.0,0.05
1164.0,6.079999999999972,0.5,1.0,100.0,0.05
1165.0,43.409999999999975,1.0,0.0,47.0,0.05
1166.0,40.249999999999964,1.0,0.0,59.0,0.05
1167.0,42.42999999999998,1.0,0.0,61.0,0.05
1168.0,42.92999999999998,1.0,0.0,39.0,0.05
1169.0,42.979999999999976,1.0,0.0,46.0,0.05
1170.0,41.48999999999998,1.0,1.0,43.0,0.05
1171.0,43.249999999999986,1.0,0.0,47.0,0.05
1172.0,43.43999999999999,1.0,0.0,40.0,0.05
1173.0,42.60999999999999,1.0,0.0,43.0,0.05
1174.0,42.119999999999976,1.0,0.0,44.0,0.05
1175.0,43.04999999999997,1.0,0.0,59.0,0.05
1176.0,37.58999999999997,1.0,0.0,85.0,0.05
1177.0,39.209999999999965,1.0,1.0,55.0,0.05
1178.0,41.629999999999974,1.0,0.0,45.0,0.05
1179.0,42.59999999999998,1.0,0.0,52.0,0.05
1180.0,41.429999999999964,1.0,0.0,61.0,0.05
1181.0,41.15999999999998,1.0,1.0,56.0,0.05
1182.0,42.479999999999976,1.0,0.0,52.0,0.05
1183.0,42.07999999999997,1.0,1.0,52.0,0.05
1184.0,42.3,1.0,0.0,46.0,0.05
1185.0,39.55999999999997,1.0,0.0,64.0,0.05
1186.0,41.09999999999998,1.0,1.0,38.0,0.05
1187.0,43.00999999999998,1.0,0.0,47.0,0.05
1188.0,43.769999999999975,1.0,0.0,51.0,0.05
1189.0,42.59999999999999,1.0,0.0,44.0,0.05
1190.0,42.75999999999999,1.0,0.0,36.0,0.05
1191.0,42.40999999999997,1.0,0.0,67.0,0.05
1192.0,43.119999999999976,1.0,0.0,60.0,0.05
1193.0,43.09999999999998,1.0,0.0,42.0,0.05
1194.0,42.59999999999997,1.0,0.0,52.0,0.05
1195.0,43.06999999999999,1.0,0.0,33.0,0.05
1196.0,41.839999999999975,1.0,0.0,60.0,0.05
1197.0,9.639999999999977,0.5,1.0,100.0,0.05
1198.0,42.99999999999998,1.0,0.0,44.0,0.05
1199.0,42.339999999999996,1.0,0.0,30.0,0.05
1200.0,42.15999999999998,1.0,0.0,44.0,0.05
1201.0,40.96999999999997,1.0,2.0,67.0,0.05
1202.0,42.39999999999999,1.0,0.0,48.0,0.05
1203.0,42.64999999999999,1.0,0.0,27.0,0.05
1204.0,42.739999999999974,1.0,0.0,54.0,0.05
1205.0,42.67999999999999,1.0,0.0,52.0,0.05
1206.0,41.399999999999984,1.0,0.0,40.0,0.05
1207.0,42.75999999999998,1.0,0.0,56.0,0.05
1208.0,43.029999999999994,1.0,0.0,37.0,0.05
1209.0,42.989999999999995,1.0,0.0,37.0,0.05
1210.0,-4.959999999999992,0.0,0.0,100.0,0.05
1211.0,43.20999999999998,1.0,0.0,43.0,0.05
1212.0,43.03999999999998,1.0,0.0,40.0,0.05
1213.0,42.739999999999974,1.0,0.0,50.0,0.05
1214.0,40.52999999999997,1.0,2.0,51.0,0.05
1215.0,43.259999999999984,1.0,0.0,46.0,0.05
1216.0,42.889999999999986,1.0,0.0,43.0,0.05
1217.0,43.72,1.0,0.0,28.0,0.05
1218.0,41.01999999999997,1.0,0.0,74.0,0.05
1219.0,41.97,1.0,0.0,51.0,0.05
1220.0,42.32999999999998,1.0,0.0,55.0,0.05
1221.0,5.8799999999999715,0.5,0.0,100.0,0.05
1222.0,43.499999999999986,1.0,0.0,50.0,0.05
1223.0,43.56999999999999,1.0,0.0,31.0,0.05
1224.0,42.96999999999999,1.0,0.0,35.0,0.05
1225.0,39.64999999999997,1.0,0.0,59.0,0.05
1226.0,42.46999999999999,1.0,0.0,37.0,0.05
1227.0,43.269999999999975,1.0,0.0,53.0,0.05
1228.0,43.029999999999994,1.0,0.0,45.0,0.05
1229.0,43.46999999999998,1.0,0.0,49.0,0.05
1230.0,42.65999999999998,1.0,0.0,46.0,0.05
1231.0,42.19999999999996,1.0,0.0,76.0,0.05
1232.0,42.76999999999998,1.0,0.0,39.0,0.05
1233.0,36.909999999999975,1.0,2.0,89.0,0.05
1234.0,42.59999999999998,1.0,0.0,52.0,0.05
1235.0,43.339999999999996,1.0,0.0,46.0,0.05
1236.0,40.72,1.0,2.0,32.0,0.05
1237.0,42.739999999999995,1.0,0.0,30.0,0.05
1238.0,43.25999999999998,1.0,0.0,42.0,0.05
1239.0,41.62999999999997,1.0,0.0,65.0,0.05
1240.0,42.69999999999999,1.0,0.0,34.0,0.05
1241.0,42.64999999999999,1.0,0.0,35.0,0.05
1242.0,40.94999999999999,1.0,1.0,53.0,0.05
1243.0,43.299999999999976,1.0,0.0,62.0,0.05
1244.0,42.73999999999997,1.0,0.0,54.0,0.05
1245.0,42.49999999999999,1.0,0.0,30.0,0.05
1246.0,42.409999999999975,1.0,0.0,43.0,0.05
1247.0,5.839999999999963,0.5,1.0,100.0,0.05
1248.0,42.83999999999999,1.0,0.0,28.0,0.05
1249.0,42.65,1.0,0.0,43.0,0.05
1250.0,42.069999999999986,1.0,0.0,57.0,0.05
1251.0,40.03999999999998,1.0,0.0,48.0,0.05
1252.0,42.81999999999999,1.0,0.0,30.0,0.05
1253.0,42.60999999999997,1.0,0.0,51.0,0.05
1254.0,42.249999999999986,1.0,0.0,27.0,0.05
1255.0,42.949999999999974,1.0,0.0,61.0,0.05
1256.0,43.19999999999999,1.0,0.0,32.0,0.05
1257.0,43.04999999999998,1.0,0.0,51.0,0.05
1258.0,43.56999999999998,1.0,0.0,55.0,0.05
1259.0,42.60999999999998,1.0,0.0,47.0,0.05
1260.0,42.19999999999998,1.0,0.0,44.0,0.05
1261.0,41.409999999999975,1.0,0.0,71.0,0.05
1262.0,41.689999999999976,1.0,0.0,63.0,0.05
1263.0,42.25999999999999,1.0,0.0,30.0,0.05
1264.0,42.699999999999974,1.0,0.0,50.0,0.05
1265.0,42.90999999999999,1.0,0.0,41.0,0.05
1266.0,40.309999999999974,1.0,2.0,61.0,0.05
1267.0,42.709999999999994,1.0,0.0,41.0,0.05
1268.0,43.239999999999995,1.0,0.0,44.0,0.05
1269.0,42.799999999999976,1.0,0.0,48.0,0.05
1270.0,41.31999999999998,1.0,0.0,40.0,0.05
1271.0,41.60999999999998,1.0,0.0,91.0,0.05
1272.0,42.369999999999976,1.0,0.0,47.0,0.05
1273.0,43.45999999999998,1.0,0.0,50.0,0.05
1274.0,42.11999999999998,1.0,0.0,36.0,0.05
1275.0,41.599999999999966,1.0,0.0,76.0,0.05
1276.0,42.049999999999976,1.0,0.0,59.0,0.05
1277.0,42.40999999999999,1.0,0.0,47.0,0.05
1278.0,42.91,1.0,0.0,37.0,0.05
1279.0,42.419999999999995,1.0,0.0,26.0,0.05
1280.0,42.98999999999998,1.0,0.0,41.0,0.05
1281.0,43.279999999999994,1.0,0.0,32.0,0.05
1282.0,42.51999999999999,1.0,0.0,36.0,0.05
1283.0,41.669999999999966,1.0,0.0,61.0,0.05
1284.0,43.47999999999998,1.0,0.0,52.0,0.05
1285.0,42.29999999999997,1.0,0.0,50.0,0.05
1286.0,43.52999999999999,1.0,0.0,35.0,0.05
1287.0,42.30999999999998,1.0,0.0,49.0,0.05
1288.0,42.97999999999999,1.0,0.0,42.0,0.05
1289.0,42.709999999999994,1.0,0.0,29.0,0.05
1290.0,42.64999999999999,1.0,0.0,27.0,0.05
1291.0,41.729999999999976,1.0,1.0,51.0,0.05
1292.0,42.579999999999984,1.0,0.0,46.0,0.05
1293.0,42.449999999999974,1.0,0.0,51.0,0.05
1294.0,43.309999999999995,1.0,0.0,33.0,0.05
1295.0,42.15999999999999,1.0,0.0,32.0,0.05
1296.0,40.55999999999997,1.0,0.0,76.0,0.05
1297.0,42.53999999999999,1.0,0.0,30.0,0.05
1298.0,42.52999999999998,1.0,1.0,59.0,0.05
1299.0,42.48999999999999,1.0,0.0,35.0,0.05
1300.0,42.08999999999999,1.0,0.0,35.0,0.05
1301.0,41.639999999999965,1.0,0.0,84.0,0.05
1302.0,42.069999999999986,1.0,0.0,37.0,0.05
1303.0,42.62999999999998,1.0,0.0,45.0,0.05
1304.0,9.79999999999994,0.5,0.0,100.0,0.05
1305.0,41.20999999999997,1.0,0.0,71.0,0.05
1306.0,41.68999999999998,1.0,0.0,43.0,0.05
1307.0,43.209999999999994,1.0,0.0,35.0,0.05
1308.0,43.23999999999998,1.0,0.0,44.0,0.05
1309.0,42.559999999999974,1.0,0.0,40.0,0.05
1310.0,43.08999999999998,1.0,0.0,51.0,0.05
1311.0,41.589999999999975,1.0,0.0,45.0,0.05
1312.0,40.58999999999999,1.0,2.0,57.0,0.05
1313.0,42.58999999999999,1.0,0.0,41.0,0.05
1314.0,43.09999999999998,1.0,0.0,38.0,0.05
1315.0,43.049999999999976,1.0,0.0,51.0,0.05
1316.0,39.98999999999998,1.0,0.0,53.0,0.05
1317.0,42.01999999999999,1.0,1.0,42.0,0.05
1318.0,42.979999999999976,1.0,0.0,62.0,0.05
1319.0,42.93999999999999,1.0,0.0,34.0,0.05
1320.0,42.74999999999998,1.0,0.0,41.0,0.05
1321.0,42.51999999999999,1.0,0.0,28.0,0.05
1322.0,42.43999999999999,1.0,0.0,28.0,0.05
1323.0,42.87999999999999,1.0,0.0,36.0,0.05
1324.0,42.96999999999999,1.0,0.0,35.0,0.05
1325.0,42.29999999999999,1.0,0.0,34.0,0.05
1326.0,42.06999999999999,1.0,0.0,45.0,0.05
1327.0,42.86999999999999,1.0,0.0,37.0,0.05
1328.0,42.89999999999998,1.0,0.0,42.0,0.05
1329.0,43.239999999999995,1.0,0.0,36.0,0.05
1330.0,42.94999999999999,1.0,0.0,45.0,0.05
1331.0,42.84999999999998,1.0,0.0,47.0,0.05
1332.0,42.12999999999997,1.0,0.0,63.0,0.05
1333.0,43.22,1.0,0.0,38.0,0.05
1334.0,43.569999999999986,1.0,0.0,47.0,0.05
1335.0,42.709999999999994,1.0,0.0,37.0,0.05
1336.0,4.919999999999968,0.5,0.0,100.0,0.05
1337.0,42.55999999999998,1.0,0.0,48.0,0.05
1338.0,41.579999999999984,1.0,0.0,46.0,0.05
1339.0,42.859999999999985,1.0,0.0,38.0,0.05
1340.0,42.41999999999998,1.0,0.0,54.0,0.05
1341.0,41.83999999999997,1.0,0.0,64.0,0.05
1342.0,39.53999999999995,1.0,0.0,86.0,0.05
1343.0,42.839999999999975,1.0,0.0,48.0,0.05
1344.0,42.46999999999999,1.0,0.0,29.0,0.05
1345.0,42.049999999999976,1.0,0.0,47.0,0.05
1346.0,42.15999999999997,1.0,0.0,56.0,0.05
1347.0,42.62999999999998,1.0,0.0,45.0,0.05
1348.0,43.31999999999999,1.0,0.0,36.0,0.05
1349.0,41.499999999999986,1.0,0.0,42.0,0.05
1350.0,43.559999999999995,1.0,0.0,36.0,0.05
1351.0,41.93999999999998,1.0,0.0,46.0,0.05
1352.0,42.27999999999998,1.0,0.0,48.0,0.05
1353.0,43.12,1.0,0.0,32.0,0.05
1354.0,41.64999999999997,1.0,1.0,51.0,0.05
1355.0,42.79999999999999,1.0,0.0,36.0,0.05
1356.0,42.319999999999986,1.0,0.0,48.0,0.05
1357.0,7.799999999999942,0.5,0.0,100.0,0.05
1358.0,42.089999999999996,1.0,1.0,39.0,0.05
1359.0,42.07999999999998,1.0,1.0,52.0,0.05
1360.0,42.83999999999999,1.0,0.0,28.0,0.05
1361.0,42.56999999999998,1.0,0.0,43.0,0.05
1362.0,42.039999999999985,1.0,0.0,36.0,0.05
1363.0,43.03999999999999,1.0,0.0,32.0,0.05
1364.0,41.889999999999986,1.0,0.0,31.0,0.05
1365.0,41.98999999999998,1.0,0.0,37.0,0.05
1366.0,42.08999999999999,1.0,0.0,31.0,0.05
1367.0,42.339999999999975,1.0,0.0,46.0,0.05
1368.0,42.129999999999995,1.0,0.0,39.0,0.05
1369.0,42.489999999999995,1.0,0.0,39.0,0.05
1370.0,43.119999999999976,1.0,0.0,56.0,0.05
1371.0,42.459999999999994,1.0,0.0,46.0,0.05
1372.0,42.56999999999999,1.0,0.0,39.0,0.05
1373.0,42.64999999999998,1.0,0.0,43.0,0.05
1374.0,42.809999999999974,1.0,0.0,43.0,0.05
1375.0,39.03999999999999,1.0,2.0,88.0,0.05
1376.0,42.53999999999999,1.0,0.0,26.0,0.05
1377.0,42.13999999999998,1.0,0.0,46.0,0.05
1378.0,42.979999999999976,1.0,0.0,58.0,0.05
1379.0,42.62999999999999,1.0,0.0,53.0,0.05
1380.0,42.40999999999999,1.0,0.0,23.0,0.05
1381.0,42.85999999999998,1.0,0.0,42.0,0.05
1382.0,42.249999999999986,1.0,0.0,31.0,0.05
1383.0,42.66999999999999,1.0,0.0,33.0,0.05
1384.0,43.01999999999999,1.0,0.0,34.0,0.05
1385.0,43.55999999999999,1.0,0.0,36.0,0.05
1386.0,5.839999999999969,0.5,0.0,100.0,0.05
1387.0,42.52999999999997,1.0,0.0,63.0,0.05
1388.0,41.97,1.0,1.0,43.0,0.05
1389.0,42.20999999999998,1.0,0.0,39.0,0.05
1390.0,43.549999999999976,1.0,0.0,49.0,0.05
1391.0,41.36999999999999,1.0,1.0,55.0,0.05
1392.0,42.67999999999998,1.0,0.0,44.0,0.05
1393.0,-0.3999999999999957,0.0,0.0,100.0,0.05
1394.0,43.06999999999998,1.0,0.0,49.0,0.05
1395.0,43.34999999999999,1.0,0.0,53.0,0.05
1396.0,42.76999999999997,1.0,0.0,55.0,0.05
1397.0,42.51999999999998,1.0,0.0,44.0,0.05
1398.0,43.059999999999995,1.0,0.0,30.0,0.05
1399.0,43.379999999999995,1.0,0.0,22.0,0.05
1400.0,-3.559999999999999,0.0,0.0,100.0,0.05
1401.0,43.019999999999996,1.0,0.0,46.0,0.05
1402.0,43.109999999999985,1.0,0.0,37.0,0.05
1403.0,41.10999999999999,1.0,1.0,41.0,0.05
1404.0,42.35999999999998,1.0,0.0,68.0,0.05
1405.0,5.479999999999967,0.5,0.0,100.0,0.05
1406.0,42.11999999999998,1.0,0.0,36.0,0.05
1407.0,42.48999999999998,1.0,0.0,39.0,0.05
1408.0,39.26999999999997,1.0,1.0,73.0,0.05
1409.0,7.439999999999953,0.5,0.0,100.0,0.05
1410.0,42.15999999999998,1.0,0.0,40.0,0.05
1411.0,41.54999999999998,1.0,0.0,77.0,0.05
1412.0,42.98999999999998,1.0,0.0,49.0,0.05
1413.0,42.94,1.0,0.0,42.0,0.05
1414.0,41.969999999999985,1.0,0.0,35.0,0.05
1415.0,42.34999999999997,1.0,0.0,57.0,0.05
1416.0,42.369999999999976,1.0,0.0,51.0,0.05
1417.0,42.91999999999999,1.0,0.0,28.0,0.05
1418.0,42.879999999999995,1.0,0.0,32.0,0.05
1419.0,43.299999999999976,1.0,0.0,46.0,0.05
1420.0,42.76999999999999,1.0,0.0,31.0,0.05
1421.0,43.249999999999986,1.0,0.0,51.0,0.05
1422.0,43.019999999999975,1.0,0.0,50.0,0.05
1423.0,41.749999999999986,1.0,0.0,37.0,0.05
1424.0,41.94999999999998,1.0,0.0,33.0,0.05
1425.0,42.079999999999984,1.0,0.0,32.0,0.05
1426.0,43.68999999999998,1.0,0.0,51.0,0.05
1427.0,40.73999999999998,1.0,0.0,42.0,0.05
1428.0,-0.279999999999999,0.0,0.0,100.0,0.05
1429.0,43.599999999999994,1.0,0.0,24.0,0.05
1430.0,42.899999999999984,1.0,0.0,46.0,0.05
1431.0,42.91999999999998,1.0,0.0,48.0,0.05
1432.0,42.979999999999976,1.0,0.0,66.0,0.05
1433.0,42.76999999999998,1.0,0.0,39.0,0.05
1434.0,41.71999999999997,1.0,0.0,52.0,0.05
1435.0,41.90999999999998,1.0,0.0,29.0,0.05
1436.0,43.059999999999974,1.0,0.0,54.0,0.05
1437.0,43.28999999999999,1.0,0.0,35.0,0.05
1438.0,43.349999999999994,1.0,0.0,25.0,0.05
1439.0,42.44999999999997,1.0,0.0,71.0,0.05
1440.0,43.11999999999998,1.0,0.0,52.0,0.05
1441.0,42.55999999999998,1.0,0.0,52.0,0.05
1442.0,43.19999999999999,1.0,0.0,40.0,0.05
1443.0,42.87999999999998,1.0,0.0,48.0,0.05
1444.0,42.64999999999999,1.0,0.0,31.0,0.05
1445.0,43.329999999999984,1.0,0.0,47.0,0.05
1446.0,42.96999999999997,1.0,0.0,59.0,0.05
1447.0,43.14999999999998,1.0,0.0,49.0,0.05
1448.0,42.27999999999999,1.0,0.0,28.0,0.05
1449.0,41.39,1.0,2.0,33.0,0.05
1450.0,43.63999999999999,1.0,0.0,28.0,0.05
1451.0,42.739999999999974,1.0,0.0,50.0,0.05
1452.0,42.74999999999997,1.0,0.0,49.0,0.05
1453.0,42.66999999999997,1.0,0.0,61.0,0.05
1454.0,42.26999999999999,1.0,0.0,33.0,0.05
1455.0,42.109999999999985,1.0,0.0,33.0,0.05
1456.0,43.42999999999999,1.0,0.0,33.0,0.05
1457.0,43.62999999999999,1.0,0.0,41.0,0.05
1458.0,42.52999999999999,1.0,0.0,31.0,0.05
1459.0,43.05999999999999,1.0,0.0,50.0,0.05
1460.0,42.639999999999986,1.0,0.0,40.0,0.05
1461.0,42.89999999999999,1.0,0.0,30.0,0.05
1462.0,42.669999999999995,1.0,0.0,33.0,0.05
1463.0,42.78999999999999,1.0,0.0,37.0,0.05
1464.0,9.279999999999946,0.5,1.0,100.0,0.05
1465.0,42.74999999999998,1.0,0.0,49.0,0.05
1466.0,42.85999999999998,1.0,0.0,42.0,0.05
1467.0,42.45999999999998,1.0,0.0,46.0,0.05
1468.0,42.60999999999998,1.0,0.0,47.0,0.05
1469.0,42.60999999999998,1.0,0.0,43.0,0.05
1470.0,42.87999999999998,1.0,0.0,56.0,0.05
1471.0,42.49999999999997,1.0,0.0,50.0,0.05
1472.0,42.67999999999998,1.0,0.0,44.0,0.05
1473.0,41.68999999999998,1.0,0.0,35.0,0.05
1474.0,42.53999999999998,1.0,0.0,50.0,0.05
1475.0,42.66999999999998,1.0,0.0,49.0,0.05
1476.0,43.499999999999986,1.0,0.0,50.0,0.05
1477.0,-4.159999999999994,0.0,0.0,100.0,0.05
1478.0,43.07999999999999,1.0,0.0,36.0,0.05
1479.0,43.19999999999999,1.0,0.0,52.0,0.05
1480.0,42.45999999999998,1.0,0.0,42.0,0.05
1481.0,43.12,1.0,0.0,40.0,0.05
1482.0,42.639999999999986,1.0,0.0,44.0,0.05
1483.0,41.36999999999998,1.0,0.0,55.0,0.05
1484.0,42.54999999999999,1.0,0.0,33.0,0.05
1485.0,42.84999999999998,1.0,0.0,39.0,0.05
1486.0,42.67999999999999,1.0,0.0,28.0,0.05
1487.0,42.73999999999999,1.0,0.0,46.0,0.05
1488.0,42.61999999999998,1.0,0.0,46.0,0.05
1489.0,42.89999999999999,1.0,0.0,42.0,0.05
1490.0,9.31999999999994,0.5,0.0,100.0,0.05
1491.0,42.55,1.0,0.0,41.0,0.05
1492.0,42.71999999999997,1.0,0.0,56.0,0.05
1493.0,43.279999999999994,1.0,0.0,40.0,0.05
1494.0,42.11999999999998,1.0,0.0,36.0,0.05
1495.0,43.27999999999997,1.0,0.0,48.0,0.05
1496.0,39.07999999999996,1.0,0.0,64.0,0.05
1497.0,43.17999999999998,1.0,0.0,54.0,0.05
1498.0,42.46999999999998,1.0,0.0,53.0,0.05
1499.0,43.359999999999985,1.0,0.0,48.0,0.05
